reviewer_name,review_content,review_point,product_id
Tin,MÃ¡y dá»m láº¯m nha.. xÃ i chÆ°a Ä‘Æ°á»£c bao lÃ¢u chÃ¡y motor rá»“i,1,1
VÆ°á»£ng,"MÃ¡y dÃ¹ng ok, rá»­a 30p cÅ©ng sáº¡ch cÆ¡ báº£n. Náº¿u rá»­a trÃªn 100p cÃ ng sáº¡ch ná»¯a. Háº¡n cháº¿ cá»§a mÃ¡y lÃ  KhÃ´ng cÃ³ Ä‘á»“ng há»“ hiá»ƒn thá»‹ thá»i gian Ä‘á»ƒ theo dÃµi KhÃ´ng cÃ³ cÃ i Ä‘áº·t tá»± chá»n thá»i gian rá»­a muá»‘n rá»­a táº§m 45 phÃºt ko Ä‘c, chá»‰ cho tá»‘i thiá»ƒu 30p sau Ä‘o lÃªn 100p luÃ´n. Ko cáº§n thiáº¿t rá»­a quÃ¡ lÃ¢u nhÆ° váº­y.NÃ³i chung ok.",4,1
Anh Nam,"MÃ¡y mua vá» bÃ¡o lá»—i khÃ´ng dÃ¹ng Ä‘Æ°á»£c, gá»i kÄ© thuáº­t báº£o hÃ nh báº£o lá»—i ngÆ°á»i dÃ¹ng trÆ°á»›c khÃ´ng báº£o hÃ nh, hÃ£ng cáº§n check láº¡i hÃ ng cÅ© trÆ°á»›c khi bÃ¡n cho khÃ¡ch chá»© nhÆ° nÃ y thÃ¬ khÃ¡ch mua sau máº¥t tiá»n oan",1,1
Tháº£o,"MÃ¡y mÃ¬nh mua Ä‘Æ°á»£c 1 tuáº§n, sá»­ dá»¥ng ráº¥t tá»‘t. PhÃ¹ há»£p cho gia Ä‘Ã¬nh 23 ngÆ°á»i. Äiá»‡n vÃ  nÆ°á»›c khÃ´ng Ä‘Ã¡ng ká»ƒ náº¿u 1 ngÃ y dÃ¹ng 1 láº§n.Láº¯p Ä‘áº·t Ä‘Æ¡n giáº£n. MÃ¬nh Ä‘áº·t trÃªn máº·t báº¿p, chá»‰ khoan 1 xÃ­u á»Ÿ tá»§ Ä‘á»ƒ cáº¥p nÆ°á»›c cho mÃ¡y, cÃ²n á»‘ng xáº£ thÃ¬ cho xáº£ trá»±c tiáº¿p vÃ o bá»“n rá»­a chÃ©n cÅ©.MÃ¡y rá»­a sáº¡ch, rá»­a Ä‘Æ°á»£c chÃ©n, dÄ©a, ná»“i, ly, dá»¥ng cá»¥ lÃ m báº¿p, háº¡n cháº¿ Ä‘á»“ nhá»±a má»ng vÃ¬ mÃ¡y rá»­a nÆ°á»›c nÃ³ng. Cháº¿ Ä‘á»™ normal rá»­a táº§m 2h. Sau khi rá»­a thÃ¬ hÃ© cá»­a cho mau khÃ´. Sáº¯p xáº¿p chÃ©n dÄ©a há»£p lÃ­ thÃ¬ mÃ¡y sáº½ rá»­a ráº¥t sáº¡ch.Äá»‘i vá»›i ngÆ°á»i pháº£i Ä‘i lÃ m cáº£ ngÃ y nhÆ° mÃ¬nh thÃ¬ ráº¥t tiá»‡n lá»£i, giáº£i phÃ³ng sá»©c lao Ä‘á»™ng",5,1
Nguyá»…n ÄoÃ n Tháº£o NguyÃªn,sá»­ dá»¥ng tá»‘t,5,1
Phan VÄƒn TrÆ°á»›c,sá»­ dá»¥ng tá»‘t,5,1
SÆ¡n,"mÃ¡y nhá» gá»n, tiá»‡n sá»­ dá»¥ng, rá»­a sáº¡ch chÃ©n dÄ©a",5,1
Kiá»u Anh,"MÃ¡y xÃ i tá»‘t, á»•n Ä‘á»‹nh",5,1
Nguyá»…n Tuáº¥n BÃ¬nh,"TÃ´i dÃ¹ng mÃ¡y tháº¥y váº«n Ä‘ang á»•n Ä‘á»‹nh, rá»­a sáº¡ch",5,1
NgÃ´ Trung Hiáº¿u,"Cháº¥t lÆ°á»£ng báº£o hÃ nh cÃ ng ngÃ y cÃ ng tá»“i. Khay chá»©a viÃªn rá»­a tá»± Ä‘á»™ng má»Ÿ lÃ m rá»›t viÃªn rá»­a xuá»‘ng khay nÆ°á»›c báº©n, hÃ´m thÃ¬ viÃªn rá»­a váº«n cÃ²n nguyÃªn k tan Ä‘Æ°á»£c. Báº£o hÃ nh thÃ¬ khÃ´ng xuá»‘ng há»— trá»£, cÅ©ng k tháº¥y thÃ´ng bÃ¡o bao giá» qua xá»­ lÃ½",1,1
NgÃ¢n,"Rá»­a cá»±c máº¡nh máº¥t 2 tiáº¿ng má»›i sáº¡ch , má»—i láº§n rá»­a xong pháº£i kÃ©o ra Ä‘á»ƒ nÃ³ rÃ¡o nÆ°á»›c, nhÆ°ng mÃ  giÃ¡ ráº» nÃªn Ä‘Ã¡nh giÃ¡ tÆ°Æ¡ng Ä‘á»‘i tá»‘t, rá»¯a Ä‘Æ°á»£c ná»“i thao rá»•, miá»…n nhÃ©t dÃ´ dc lÃ  rá»¯a dc háº¿t hÃ , giáº£i cá»©u phá»¥ ná»¯ lÃ  nÃ³ Ä‘Ã³ , chá»‹ e pháº£i mua liá»n nha",5,1
Long,"Mua mÃ¡y dÃ¹ng Ä‘Ãªn khi bá»‹ trá»¥c tráº·c gá»i cho ÄMX thÃ¬ bÃ¡o mÃ¡y háº¿t báº£o hÃ nh. TÆ°á»Ÿng ÄMX gá»i cho TTBH cá»§a hÃ£ng thÃ¬ láº¡i bÃ¡o bÃªn thá»© 3 xuá»‘ng sá»­a. Thu phÃ­ xong xuÃ´i xong mÃ¡y há»ng náº·ng hÆ¡n. Äang tá»« mÃ¡y bÃ¡o bá»‹ há»Ÿ nÆ°á»›c Ä‘Ã¢u Ä‘áº¥y nÃªn khÃ´ng cháº¡y, giá» thÃ nh mÃ¡y khÃ´ng bÃ¡o lá»—i mÃ  cháº¡y bÃ¬nh thÆ°á»ng xong nÆ°á»›c trÃ n Ä‘áº§y ra cáº£ nhÃ  Gá»i khiáº¿u náº¡i thÃ¬ chá»‘i khÃ©o. Äá»‰nh Ä‘iá»ƒm lÃ  nhÃ¢n viÃªn kÄ© thuáº­t khÃ´ng cáº§n Ä‘áº¿n kiá»ƒm tra nhÆ°ng Ä‘Ã£ cÃ³ thá»ƒ bÃ¡o luÃ´n lÃ  há»ng á»Ÿ Ä‘Ã¢u vÃ  biáº¿t lÃ  cáº§n pháº£i thay cÃ¡i gÃ¬ tá»‘n bao tiá»n 1tr150 luÃ´n. ÄMX há»£p tÃ¡c vá»›i trung tÃ¢m sá»­a chá»¯a báº£o hÃ nh cao siÃªu quÃ¡ luÃ´n",1,1
NGUYá»„N NGá»ŒC ANH CHUNG,Tá»‡,1,1
PHáº M THá»Š THANH THÃšY,MÃ¬nh má»›i cÃ³ vÃ i láº§n tháº¥y cÅ©ng tá»‘t nha,5,1
Quá»‘c CÆ°á»ng,"MÃ¡y ráº¥t tá»‡ mua vá» rá»­a nÆ°á»›c trÃ n lÃªn lÃ¡ng, nhÃ¢n viÃªn hÃ£ng electrolux xuá»‘ng xÃ¡c minh hÆ° bÆ¡m lá»—i kÄ© thuáº­t do mÃ¡y mÃ¬nh Ä‘Ã£ cháº¥p nháº­n tráº£ hÃ ng lá»— 10% trong thÃ¡ng Ä‘áº§u váº­y mÃ  nhÃ¢n viÃªn Ä‘iá»‡n mÃ¡y xanh cÃ¹ nhÃ¢y quÃ i k chá»‹u láº¡i nhÃ  thu mÃ¡y háº¹n háº¿t bá»¯a nÃ y tá»›i bá»¯a khÃ¡c, cskh cháº¿ Ä‘á»™ háº­u mÃ£i ráº¥t tá»‡ , há»‘i háº­n khi mua hÃ ng Ä‘iá»‡n mÃ¡y xanh",1,1
Phuc,"MÃ¡y dÃ¹ng tá»‘t phÃ¹ há»£p gia Ä‘Ã¬nh nhá». LÆ°u Ã½ xem ká»¹ cÃ¡c hÆ°á»›ng dáº«n trÃªn Youtube Ä‘á»ƒ biáº¿t cÃ¡ch sáº¯p xáº¿p chÃ©n bÃ¡t cho Ä‘Ãºng thÃ¬ mÃ¡y má»›i rá»­a sáº¡ch, MÃ¡y rá»­a ráº¥t lÃ¢u. Vá» dá»‹ch vá»¥ dmx thÃ¬ chÆ°a hÃ i lÃ²ng láº¯m khi ghi miá»…n phÃ­ cÃ´ng láº¯p Ä‘áº·t nhÆ°ng chá»‰ má»—i cáº¯m Ä‘iá»‡n gáº¯n dÃ¢y thÃ´i, náº¿u cáº§n pháº£i khoan Ä‘á»¥c thÃ¬ pháº£i kÃªu thá»£ bÃªn ngoÃ i Ä‘áº¿n lÃ m",5,1
VÅ© Thá»‹ HoÃ i Anh,"Dá»‹ch vá»¥ ráº¥t tá»‡, cháº¥m Ã¢m 10000 Ä‘iá»ƒm",1,1
Chá»‹ Yáº¿n,"MÃ¡y má»›i sá»­ dá»¥ng 1 thÃ¡ng 10 ngÃ y mÃ  Ä‘Ã£ bá»‹ 3 láº§n nhÆ° tháº¿ nÃ y. XÃ  bÃ´ng chá»‰ bá» ná»©a viÃªn váº«n cÃ²n nguyÃªn, chÃ©n, dÄ©a váº«n báº©n nguyÃªn.",1,1
Nguyá»…n Anh Kiá»‡t,"MÃ¡y dá»… sá»­ dá»¥ng, hoáº¡t Ä‘á»™ng tá»‘t",4,1
NgÃ´ Trá»ng HoÃ ,"MÃ¡y sá»­ dá»¥ng tá»‘t , phÃ¹ há»£p gia Ä‘Ã¬nh nhá» 3,4 ngÆ°á»i",5,1
NhiÃªn,"HÃ£ng má»›i,tháº¥y dÃ¹ng Ä‘Æ°á»£c nha. Rá»­a sáº¡ch,khÃ´ mÃ  k bá»‹ Ä‘á»ng nÆ°á»›c hay mÃ¹i",5,2
Nguyá»…n ToÃ n,"DÃ¹ng tá»‘t,rá»­a sáº¡ch khÃ´ láº¯m",5,2
Tran Hong Nhung,san pham tot hai long,5,2
Äá»— Thá»‹ Ãi,"Sáº¥y khÃ´ cá»±c ká»³, k cáº§n má»Ÿ náº¯p, mÃ u sáº¯c thÃ¬ mÃª khá»i chÃª, rÃ£nh thÃªm cáº£ khá»‘i thá»i gian.",5,2
Nam,"MÃ¡y Ä‘áº¹p, rá»­a ráº¥t sáº¡ch vÃ  sáº¥y khÃ´ háº¿t bÃ¡t Ä‘Ä©a",5,2
Van,Dung Ä‘Æ°á»£c mÆ°á»i ngÃ y tháº¥y tá»‘t,5,2
Thuáº­t,Ä‘Ã£ sá»­ dá»¥ng 1 tgian tháº¥y sáº¡ch sáº½ vÃ  khÃ´ rÃ¡o. ráº¥t hÃ i lÃ²ng,5,2
Chá»‹ XuÃ¢n,Má»›i dÃ¹n nÃªn tháº¥y rá»­a cÅ©ng sáº¡ch mÃ¡y vÃ  bÃ¡t Ä‘Å©a k bá»‹ Ä‘á»ng nÆ°á»›c khÃ¡ lÃ  hÃ i lÃ²ng,5,2
Chá»‹ Linh,Sáº¥y khÃ´ mÃ¡y rá»­a khÃ¡ Ãªm lÃºc Ä‘áº§u mÃ¹a cÃ²n hÆ¡i lÄƒn tÄƒn dÃ¹ng Ä‘c 1 thá»i gian tháº¥y khÃ¡ hÃ i lÃ²ng,5,2
Nguyá»…n Thu PhÆ°Æ¡ng,"Tháº¥y cÃ¡c b Ä‘mx tÆ° váº¥n tÃ­nh nÄƒng con nÃ y cÃ³ cáº£ tá»± nháº­n biáº¿t Ä‘á»™ báº©n rá»“i sáº¥y khÃ´ hoÃ n toÃ n, Ä‘Ã¡nh liá»u mua thá»­ mÃ¡y rá»­a ráº¥t sáº¡ch vÃ  khÃ´ ,táº¡m thá»i k há»‘i háº­n vÃ¬ Ä‘Ã£ mua junger",5,2
VÃµ Thá»‹ Háº±ng Nga,,5,2
Quáº¿ Háº¡nh,,5,2
NGUYá»„N THá»Š THU HÆ¯Æ NG,MÃ¡y rá»­a sáº¡ch sáº½ sáº¥y khÃ´ háº¿t khi chá»n auto hÃ© cá»­a. Eco thÃ¬ Æ°á»›t hÆ¡n nhÆ°ng Ä‘á»ƒ sÃ¡ng mai cÅ©ng khÃ´. Sáº¡ch hÆ¡n rá»­a tay. Ly chÃ©n sÃ¡ng bÃ³ng.,5,3
Nguyá»…n Nam Thá»‹nh,,4,3
Thuá»³ Linh,MÃ¡y cá»© tÃª tÃª mÃ¡t mÃ¡t. Cáº§n há»— trá»£,3,4
ÄoÃ n,"NhÃ¢n viÃªn khÃ´ng biáº¿t láº¯p dÃ¢y tiáº¿p Ä‘á»‹a, táº¥t cáº£ ngÆ°á»i trong nhÃ  ai sá» vÃ o cÅ©ng bá»‹ giáº­t tÃª ngÆ°á»i",1,4
Pháº¡m Thu HÆ°Æ¡ng,Rá»­a nhiá»u sáº¡ch bÃ³ng,5,4
Trá»‹nh Quá»‘c HoÃ ng,NhÃ¢n viÃªn láº¯p Ä‘áº·t kÃ©m. KhÃ´ng trÃ¡ch nhiá»‡m. Äiá»‡n MÃ¡y Xanh nhÃ¢n viÃªn cÃ ng ngÃ y cÃ ng cÃ³ váº¥n Ä‘á»,3,4
BÃ¡c Äá»©c,Rá»­a khÃ´ng sach sáº¥y tá»‡,1,4
Tráº§n Há»“ng Giang,,5,4
Huá»³nh VÃµ Nháº­t Huy,,5,4
Tráº§n VÄƒn Lá»±c,"MÃ¬nh xÃ i Ä‘Æ°á»£c 10 ngÃ y nay, pháº£i nÃ³i lÃ  hÃ i lÃ²ng, chÆ°a biáº¿t sau nÃ y tháº¿ nÃ o",5,6
VÃµ Ngá»c Ãnh Trinh,"Sá»­ dá»¥ng Ä‘Æ°á»£c 2 ngÃ y, mÃ¡y rá»­a chÃ©n khÃ´ng tá»± sáº¥y khÃ´, khÃ´ng tá»± hÃ© cá»­a khi káº¿t thÃºc chu trÃ¬nh rá»­a. Gá»i dt tá»›i lÃ¹i 23 láº§n chá»‰ Ä‘Æ°á»£c há»©a sáº½ cÃ³ nv Ä‘áº¿n kiá»ƒm tra. Lá»«a Ä‘áº£o",1,6
Trá»‹nh Thá»‹ Thuá»³ Linh,,5,6
Äá»©c,,5,6
LÃª Thá»‹ BÃ­ch Tháº£o,"TrÆ°á»›c khi mua sáº£n pháº©m Ä‘Ã£ Ä‘Æ°á»£c review vÃ  tháº¥y 1 sá»‘ báº¡n compliant nhÆ°ng mÃ¬nh k tin vÃ¬ nghÄ© mÃ¡y Bosch vÃ  mua Äiá»‡n MÃ¡y Xanh thÃ¬ cháº¯c OK NhÆ°ng mÃ¬nh Ä‘Ã£ sai,ráº¥t á»©c cháº¿MÃ¡y rá»­a xong Ä‘á»c nÆ°á»›c ,Ä‘Ã³ng trÃªn tÃ´ chÃ©n,tá»«ng VÅ©ng chá»© k itsÄÃ£ complaint hÆ¡n 2 tuáº§n xuá»‘ng tesst Ä‘i tesst láº¡i váº«n báº£o mÃ¡y k lá»—i,Ä‘áº¿n chá»‹u Rá»­a chÃ©n báº±ng mÃ¡y xong pháº£i Ãºp chÃ©n ra rá»• cho chÃ©n khÃ´ má»›i cáº¥t Ä‘Æ°á»£c thÃ¬ bá» tiá»n mua cÃ¡i mÃ¡y vá» lÃ m gÃ¬ nhá»‰",1,7
Thuy,"ÄÃ£ sá»­ dá»¥ng Ä‘Æ°á»£c 1 láº§n, mÃ¡y rá»­a sáº¡ch, Ãªm. Hiá»‡n táº¡i khÃ´ng sá»­ dá»¥ng Ä‘Æ°á»£c tiáº¿p vÃ¬ mÃ¡y bÃ¡o lá»—i vÃ²i nÆ°á»›c, tÃ´i cáº§n há»— trá»£ sdt xxxx085157.",3,7
ÄoÃ n Thá»‹ HÆ°á»Ÿng,MÃ¡y cháº¡y Ãªm. ÄÃºng phÃ¢n khÃºc cá»§a mÃ¬nh,4,7
Mai,MÃ¡y rá»­a bÃ¡t song sáº¥y k khÃ´,1,7
Nguyá»…n Ngá»c Trá»ng,MÃ¡y khÃ´ng tá»± má»Ÿ cá»§a nÃªn Ä‘á»ng nÆ°á»›c sau khi rá»­a xong,3,7
Nguyá»…n HoÃ ng Kiá»‡t,"Sáº¥y khÃ´ng khÃ´ ngay khi xong chu trÃ¬nh, náº¿u cÃ³ Ä‘iá»u kiá»‡n nÃªn mua dÃ²ng cao hÆ¡n loáº¡i sáº¥y Ä‘Ã¡ nÃ³ng",4,7
Anh ToÃ n,"Sau khi dÃ¹ng khoáº£ng gáº§n 5 thÃ¡ng, tÃ´i cÃ³ nháº­n xÃ©t nhÆ° sau1. Vá» cÃ´ng nÄƒng sá»­ dá»¥ng MÃ¡y vÃ  chá»©c nÄƒng hoáº¡t Ä‘á»™ng khÃ´ng váº¥n Ä‘á» gÃ¬, cÃ³ wifi khÃ¡ tiá»‡n Ã­ch.2. Vá» cháº¥t lÆ°á»£ng quan sÃ¡t bÃªn ngoÃ i má»›i sá»­ dá»¥ng nhÆ°ng cÃ³ xuáº¥t hiá»‡n tÃ¬nh tráº¡ng rá»‰ sÃ©t táº¡i 1 vÃ i chá»— á»‘c vÃ­t.3. An toÃ n Ä‘iá»‡n ThÆ°á»ng xuyÃªn bá»‹ giáº­t tÃª tÃª, cáº£m giÃ¡c khÃ³ chá»‹u NhÃ¢n viÃªn ÄMX lÃºc láº¯p Ä‘áº·t cÃ³ khoan vÃ­t tiáº¿p mÃ¡t, nhÆ°ng váº«n bá»‹ giáº­t.Mong kháº¯c phá»¥c triá»‡t Ä‘á»ƒ giÃºp tÃ¬nh tráº¡ng trÃªn.",4,7
VÆ¯Æ NG Má»¸ SAN,NhÃ¬n chung táº¥t cáº£ Ä‘iá»u á»•n.,5,7
VÃµ VÄƒn Cáº§u,"Mua Ä‘á»£t khuyáº¿n mÃ£i 15.690.000 Ä‘á»“ng dÃ¹ng thá»­ láº§n Ä‘áº§u tiÃªn tháº¥y ráº¥t tá»‘t, rá»­a sáº¡ch, thÃ­ch nháº¥t lÃ  chá»©c nÄƒng hÃ© cá»­a cuá»‘i chÆ°Æ¡ng hÆ¡i nÃ³ng pha ra nÃ³ng há»•i luÃ´n, rá»­a nhÆ° váº­y an tÃ¢m lÃ  báº¥t Ä‘Ä©a sáº½ vá»‡ sinh sáº¡ch sáº½. NhÃ¢n viÃªn giao hÃ ng vui váº» nhiá»‡t tÃ¬nh.",5,7
Pháº¡m PhÃº Thuáº­n,"MÃ¡y bosch dÃ¹ng tá»‘t, rá»­a sáº¡ch",5,7
KhÃ¡nh Linh,NhÃ  mÃ¬nh má»›i sá»­ dá»¥ng máº¥y hÃ´m tháº¥y khÃ¡ á»•n. GiÃ¡ mÃ¡y lÃ  dÃ²ng trung bÃ¬nh cá»§a hÃ£ng Bosch phÃ¹ há»£p vá»›i nhu cáº§u sá»­ dá»¥ng cá»§a gia Ä‘Ã¬nh mÃ¬nh cÃ³ 34 ngÆ°á»i. NhÃ¢n viÃªn báº£o hÃ nh mÃ¡y khÃ¡ tá»‘t.,4,7
Tráº§n KiÃªn,"MÃ¬nh Ä‘Ã£ mua khÃ¡ nhiá»u Ä‘á»“ gia dá»¥ng cá»§a Ä‘iá»‡n mÃ¡y xanh. láº§n nÃ y gáº·p pháº£i thá»£ láº¯p ráº¥t tá»“i tá»‡, chá»™p giáº­t, khÃ´ng Ä‘Æ°á»£c tá»­ táº¿. Cá»¥ thá»ƒ nhÆ° sau1. trÆ°á»›c khi thá»£ Ä‘áº¿n láº¯p thÃ¬ mÃ¬nh Ä‘Ã£ gá»i cho báº¡n sale nhá» 2 anh thá»£ Ä‘áº¿n giÃºp, vÃ¬ pháº£i láº¯p mÃ¡y á»Ÿ táº§ng 5. nhÆ°ng khi Ä‘áº¿n nÆ¡i thÃ¬ chá»‰ cÃ³ 1 ngÆ°á»i.minh há»i sao láº¡i chá»‰ cÃ³ 1 ngÆ°á»i. anh thá»£ nÃ³i Ä‘áº·t online nÃªn khÃ´ng Ä‘Æ°á»£c há»— trá»£.mÃ¬nh pháº£i giÃºp bÃª mÃ¡y lÃªn táº§ng 5. sau khi bÃª mÃ¡y lÃªn, tuy mÃ¬nh bá»‹ báº©n quáº§n Ã¡o má»™t chÃºt nhÆ°ng váº«n ok.2. khi thá»£ vÃ o láº¯p mÃ¬nh cÃ³ nhá» thá»£ lÃ m 3 háº¡ng má»¥c sau+ Ä‘á»¥c cÃ¡i lá»— nhá» qua cá»­a nhÃ´m Ä‘á»ƒ luá»“n dÃ¢y cáº¥p nÆ°á»›c cho mÃ¡y rá»­a chÃ©n+ kÃª láº¡i mÃ¡y giáº·t Ä‘á»ƒ xáº¿p chá»— cho mÃ¡y rá»­a chÃ©n+ ra táº¡p hoÃ¡ cÃ¡ch 200m mua giÃºp giÃ¢y dáº«n nÆ°á»›c, Ä‘áº§u T chia nÆ°á»›c.xong anh thá»£ bÃ¡o giÃ¡ 600k, mÃ¬nh há»i anh thá»£ giáº£i thÃ­ch vÃ¬ sao giÃ¡ láº¯p láº¡i lÃ  600k, cÃ³ thá»ƒ liá»‡t kÃª giÃ¡ tá»«ng háº¡ng má»¥c Ä‘Æ°á»£c khÃ´ng thÃ¬ anh thá»£ nÃ³i lÃ  cÃ´ng cá»§a háº¯n tatÃªn thá»£ ká»ƒ cho mÃ¬nh ráº±ng anh ta chá»‰ Ä‘áº¿n láº¯p cÃ²n cÃ´ng giÃºp nhÆ° trÃªn lÃ  pháº£i tÃ­nh tiá»n riÃªng cho háº¯n ta. háº¯n nÃ³i náº¿u mÃ  chÆ°a láº¯p thÃ¬ sáº½ huá»· Ä‘Æ¡n Ä‘Æ°a mÃ¡y vá».MÃ¬nh tháº¥y vá»›i cÃ´ng láº¯p Ä‘áº·t 600k lÃ  khÃ´ng há»£p lÃ½ trong khi láº¯p Ä‘áº·t chÆ°a Ä‘áº¿n 1 tiáº¿ngmÃ¬nh cÃ£i má»™t há»“i giáº£m cÃ²n 400k, Ä‘iá»‡u bá»™ anh thá»£ nhÆ° lÃ  Ä‘ang Ä‘i bá»‘ thÃ­ lÃ m mÃ¬nh ráº¥t tá»©c. TÃ³m láº¡i tráº£i nghiá»‡m láº¯p Ä‘áº·t láº§n nÃ y ráº¥t tá»“i tá»‡, mÃ¬nh sáº½ cÃ¢n nháº¯c ráº±ng cÃ³ nÃªn tiáº¿p tá»¥c mua hÃ ng cá»§a Ä‘iá»‡n mÃ¡y xanh tá»« nhá»¯ng láº§n tiáº¿p theo.",1,7
XuÃ¢n,"Thá»£ láº¯p mÃ y bá»‹ dÃ² nÆ°á»›c , tÃ­nh tiá»n á»‘ng má»›i ná»‘i thÃªm mÃ  chÆ°a xÃ i Ä‘Ã£ bá»‹ dÃ² nÆ°á»›c , pháº£i thay day má»›i , mÃ¡y rá»­a chÃ©n thÃ¬ oke . NÃªn xem láº¡i cÃ¡ch láº¯p Ä‘áº·t",4,7
Nguyá»…n Thá»‹ Liá»…u,,5,7
Nguyá»…n Minh Háº£i,,4,7
Chá»‹ Giang,,4,7
Quang ÄoÃ n,,4,7
LÆ°u Anh HÆ°ng,"Há»‡ thá»‘ng bá»™ pháº­n báº£o hÃ nh Äiá»‡n MÃ¡y Xanh lÃ m viá»‡c khÃ´ng thá»‘ng nháº¥t.. má»—i láº§n tÃ´i yÃªu cáº§u vá» biá»‡c báº£o hÃ nh Ä‘á»•i tráº£ cho tÃ´i cÃ¡i mÃ¡y rá»­a chÃ©n Hafele mua ngÃ y 1/9 lá»—i fom do nhÃ  sáº£n xuáº¥t láº¡i 1 nhÃ¢n viÃªn khÃ¡c gá»i Ä‘áº¿n há»i láº¡i thÃ´ng tin tá»« ban Ä‘Ã¢u nhÆ° mÃ¡y anh dÃ¹ng bá»‹ tÃ¬nh tráº¡ng gÃ¬Trong sá»‘ Ä‘Ã³ cÃ³ 1 nhÃ¢n viÃªn gá»i há»©a ngÃ y 18 sáº½ Ä‘á»•i 1 mÃ¡y khÃ¡c gá»­i tá»« sÃ i gÃ²n qua.. Ä‘áº¿n tá»‘i hÃ´m qua ngÃ y 19/9 láº¡i cÃ³ nhÃ¢n viÃªn gá»i há»i láº¡i nhÆ° nhÃ¢n viÃªn ban Ä‘áº§uTÃ´i mua mÃ¡y vá» Ä‘á»ƒ dÃ¹ng chá»© khÃ´ng pháº£i cá»© 1, 2 ngÃ y pháº£i nghe Ä‘t há»i vá» thÃ´ng tin tÃ¬nh tráº¡ng mÃ¡y bá»‹ ntn cá»§a bá»™ pháº­n báº£o hÃ nh..TÃ´i yÃªu cáº§u ÄMX tráº£ lá»i chÃ­nh xÃ¡c ngÃ y nÃ o Ä‘á»•i cho tÃ´i mÃ¡y khÃ¡c",1,8
Nguyá»…n Thá»‹ Thu HÃ ,"Rá»­a xong, khÃ´ng sáº¥y khÃ´, Æ°á»›t nháº¹p",3,8
PhÃ¹ng Thá»‹ ChiÃªn,"MÃ¡y rá»­a á»•n tuy nhiÃªn dá»‹ch vá»¥ giao láº¯p khÃ´ng nhÆ° mong Ä‘á»£i.ChÆ°Æ¡ng trÃ¬nh khuyáº¿n mÃ£i láº¯p Ä‘áº·t miá»…n phÃ­ nhÆ°ng nhÃ¢n viÃªn giao hÃ ng nÃ³i pháº£i cÃ³ sáºµn Ä‘Æ°á»ng nÆ°á»›c má»›i há»— trá»£ láº¯p Ä‘áº·t, khÃ´ng há»— trá»£ khoan, Ä‘á»¥c Ä‘á»ƒ láº¥y nguá»“n cáº¥p nÆ°á»›c vÃ o/ra. Pháº£i gá»i thá»£ khÃ¡c Ä‘áº¿n láº¯p Ä‘áº·t.",4,8
Tráº§n VÄƒn TuyÃªn,"MÃ¡y dÃ¹ng tá»‘t. Rá»­a sáº¡ch, sáº¥y khÃ´",5,8
Nguyá»…n VÄƒn Linh,"MÃ¬nh Ä‘Ã£ mua hÃ ng á»Ÿ ÄMX ráº¥t nhiá»u láº§n, nhÆ°ng láº§n Ä‘áº§u gáº·p SP lá»—i vÃ  cÃ³ nhá»¯ng tráº£i nghiá»‡m quÃ¡ tá»‡MÃ¬nh mua mÃ¡y rá»­a chÃ©n nÃ y vÃ  Ä‘Æ°á»£c tÆ° váº¥n mÃ¡y cÃ³ cháº¿ Ä‘á»™ sáº¥y khÃ´ Ä‘á»•i tráº£ trong vÃ²ng 30 ngÃ y náº¿u mÃ¡y lá»—iMÃ¬nh vá» dÃ¹ng thÃ¬ tháº¥y mÃ¡y cÃ³ váº¥n Ä‘á» mÃ¡y rá»­a bÃ¡t k sáº¡ch, Ä‘á»ng ráº¥t nhiá»u nÆ°á»›c, cháº¿ Ä‘á»™ sáº¥y khÃ´ k hoáº·t Ä‘á»™ng. MÃ¬nh gá»i báº£o hÃ nh vÃ  tiáº¿p 2 anh ká»¹ thuáº­t ÄMX vÃ  hÃ£ng. Káº¿t quáº£ hai anh Ä‘á»u nÃ³i mÃ¡y hÃ£ng nÃ y nÃ³ nhÆ° váº­y, pháº£i cháº¥p nháº­n. VÃ  2 anh vá» bÃ¡o mÃ¡y bÃ¬nh thÆ°á»ng, ÄMX k chá»‹u Ä‘á»•i tráº£.MÃ¬nh k Ä‘á»“ng Ã½ thÃ¬ ÄMX Ä‘Ã²i láº¡i cho ká»¹ thuáº­t qua kiá»ƒm tra láº¡i, nhÆ°ng háº¹n ngÃ y nÃ y qua ngÃ y khÃ¡c, cá»‘ tÃ¬nh kÃ©o dÃ i thá»i gian.MÃ¬nh tá»‘n ráº¥t nhiá»u tiá»n gá»i Ä‘iá»‡n lÃªn tá»•ng Ä‘Ã i, thÃ¡i Ä‘á»™ cá»§a máº¥y báº¡n nhÃ¢n viÃªn ráº¥t khÃ³ chá»‹u, vÃ  chá»‰ ghi nháº­n.Náº¿u mÃ¬nh k Ä‘á»“ng Ã½ cÃ³ thá»ƒ Ä‘á»•i qua hÃ£ng khÃ¡c hoáº·c tráº£ láº¡i vÃ  chá»‹u phÃ­ theo quy Ä‘á»‹nh cá»§a ÄMXÃ€ mÃ¬nh hiá»ƒu, há» k há» muá»‘n lÃ m Ä‘Ãºng cam káº¿t nÃªn cá»‘ tÃ¬nh k chá»‹u thá»«a nháº­n mÃ¡y lá»—i vÃ  luÃ´n kÃ©o dÃ i thá»i gian Ä‘á»ƒ Ä‘á»•i tráº£ tÃ¬m cÃ¡c cá»› Ä‘á»ƒ khÃ¡ch hÃ ng khÃ³ chá»‹u vÃ  pháº£i bá» tiá»n tráº£ hoáº·c Ä‘á»•i mÃ¡y khÃ¡c.Sau cáº£ 10 ngÃ y gá»i báº£o hÃ nh, 2 tuáº§n mua mÃ¡y chÆ°a dÃ¹ng Ä‘Æ°á»£c, mÃ¬nh tháº¥y quÃ¡ tháº¥t vá»ng. ÄÃºng lÃ  cÃ³ cháº¿ Ä‘á»™ Ä‘á»•i tráº£ chá»‰ Ä‘á»ƒ dá»¥ khÃ¡ch mua hÃ ng mÃ  thÃ´i.CÃ³ láº½ ráº¥t nhiá»u khÃ¡ch hÃ ng giá»‘ng mÃ¬nh, khÃ´ng bao giá» cÃ²n muá»‘n tráº£i nghiá»‡m mua hÃ ng táº¡i Ä‘Ã¢y, Ä‘Ã³ lÃ  lÃ½ do Äiá»‡n MÃ¡y Xanh dáº§n Ä‘Ã³ng cá»­a ráº¥t nhiá»u cá»­a hÃ ng cÃ¡i giÃ¡ cá»§a viá»‡c coi thÆ°á»ng, khÃ´ng tÃ´n trá»ng sá»± cam káº¿t vá»›i khÃ¡ch hÃ ng, chá»‰ muá»‘n cÃ³ lá»£i cho chÃ­nh mÃ¬nh.MÃ¬nh sáº½ lÃ m vá»¥ nÃ y Ä‘áº¿n cÃ¹ng Ä‘á»ƒ xem ÄMX cÃ²n trÃ² gÃ¬ hay hÆ¡n ná»¯a khÃ´ng.",1,8
CÆ°Æ¡ng Kim,MÃ¡y nhá» vá»«a vá»›i tá»§ báº¿p nhÃ  mÃ¬nh.,5,8
NguyÃªn,MÃ¡y rá»­a váº«n cÃ³ hiá»‡n tÆ°á»£ng Ä‘á»ng nÆ°á»›c. ChÃ©n rá»­a ko sáº¡ch láº¯m.,3,8
CÃ´ Thanh,"Cáº¥u trÃºc cá»§a mÃ¡y cá»±c tá»‘t, rá»­a chÃ©n cá»±c sáº¡ch, dá»… sÃ i. Cáº¥u trÃºc mÃ¡y ráº¥t cháº¯c cháº¯n khÃ¡c xa so vá»›i cÃ¡c hÃ£ng khÃ¡c á»Ÿ Viá»‡t Nam.",5,9
BÃ¹i Thá»‹ ChÃ¢m,"TÃ´i Ä‘Ã£ tin tÆ°á»Ÿng nháº§m vÃ o má»™t thÆ°Æ¡ng hiá»‡u lá»›n, khi cam káº¿t Ä‘á»•i má»›i trong 30 ngÃ y náº¿u cÃ³ lá»—i ká»¹ thuáº­t tÃ´i mua 26/2 vÃ  24/3 tÃ´i bÃ¡o mÃ¡y lá»—i, 26/3 ÄMX vÃ  hÃ£ng Bosch xuá»‘ng kiá»ƒm tra vÃ  test mÃ¡y rá»­a cÃ²n Ä‘á»ng cháº¥t táº©y nhÆ°ng ko rÃµ nguyÃªn nhÃ¢n nÃªn theo dÃµi thÃªm vÃ  Bosch Ä‘Ã£ cho KTV kiá»ƒm tra 4 láº§n váº«n bá»‹, cuá»‘i cÃ¹ng Ä‘áº¿n táº­n 16/4 Bosch cáº¥p chá»©ng nháº­n Ä‘á»•i má»›i cho ÄMX nhÆ°ng ÄMX láº¡i yÃªu cáº§u khÃ¡ch hÃ ng chá»‹u phÃ­ 15% vÃ¬ qua 30 ngÃ y viá»‡c kiá»ƒm tra tÃ¬m ra lá»—i hÃ£ng Ä‘Ã£ Ä‘á»“ng Ã½ mÃ¡y bá»‹ lá»—i ká»¹ thuáº­t vÃ  tá»« 24/3 khi bÃ¡o lá»—i mÃ¡y tá»›i nay tÃ´i chÆ°a tá»«ng Ä‘á»“ng Ã½ mÃ¡y hoáº¡t Ä‘á»™ng bÃ¬nh thÆ°á»ng váº­y mÃ  ÄMX hai lá»i lÃ m viá»‡c ko Ä‘Ãºng nhÆ° cam káº¿t. TÃ´i quÃ¡ tháº¥t vá»ng",1,9
Anh Minh,"Sau hÆ¡n má»™t thÃ¡ng sá»­ dá»¥ng, mÃ¬nh khÃ¡ hÃ i lÃ²ng vá» má»©c Ä‘á»™ Ä‘Ã¡p á»©ng vÃ  sá»± tiá»‡n lá»£i mÃ  sáº£n pháº©m Ä‘Ã£ mang láº¡i.",4,9
Nguyá»…n Thá»‹ Thanh Nga,"MÃ¡y dÃ¹ng cá»±c ká»³ thÃ­ch, cá»±c ká»³ nhÃ n. Äiá»‡n mÃ¡y xanh chÄƒm sÃ³c khÃ¡ch hÃ ng cá»±c ká»³ tá»‘t. TrÆ°á»›c khi mua mÃ¬nh tÃ¬m hiá»ƒu thÃ´ng tin trÃªn wed ÄMX thÃ¬ bÃ¡o lÃ  báº£o hÃ nh chÃ­nh hÃ£ng con 26E nÃ y nhÆ°ng trÃªn cÃ¡c há»™i nhÃ³m thÃ¬ Ä‘á»u báº£o 18E lÃ  báº£o hÃ nh chÃ­nh hÃ£ng cÃ²n 26E thÃ¬ k Ä‘Æ°á»£c báº£o hÃ nh chÃ­nh hÃ£ng. Cuá»‘i cÃ¹ng mÃ¬nh váº«n quyáº¿t Ä‘á»‹nh mua vÃ¬ tin tÆ°á»Ÿng Äiá»‡n mÃ¡y xanh.Äáº¿n giá» thÃ¬ mÃ¬nh k há» tháº¥t vá»ng. MÃ¡y mÃ¬nh mua bá»‹ lá»—i nhÆ°ng Ä‘Æ°á»£c ÄMX há»— trá»£ kÃ¨m theo cháº¿ Ä‘á»™ báº£o hÃ nh chÃ­nh hÃ£ng cá»§a Bosch VN Ä‘Ã£ giÃºp mÃ¬nh sá»­a chá»¯a, Ä‘á»•i tráº£ má»™t cÃ¡ch nhanh chÃ³ng.Ai Ä‘ang phÃ¢n vÃ¢n thÃ¬ cá»© máº¡nh dáº¡n mua nhÃ©",5,9
Chi Chi,"MÃ¡y dÃ¹ng thÃ­ch láº¯m luÃ´n, rá»­a sáº¡ch bong kin kÃ­t",5,9
CÃ´ng,Hiá»‡n táº¡i xÃ i ok,4,9
Hoa Duong,"Thá»£ Ä‘áº¿n láº¯p mÃ¡y Ä‘Ãºng yáº¿u kÃ©m vá» chuyÃªn mÃ´n láº«n ká»¹ thuáº­t 1/ KÃªu mÃ¬nh mua chÃ¢n kÃª, vÃ¬ mÃ¡y nÃ y ko cÃ³ bÆ¡m xáº£ nhÆ° mÃ¡y giáº·t, pháº£i kÃª nÆ°á»›c má»›i tá»± thoÃ¡t, cuá»‘i cÃ¹ng kÃª chÃ¢n lÃªn, nÆ°á»›c thoÃ¡t ko ká»‹p trÃ o ngÆ°á»£c lÃªn á»‘ng, cháº£y tÃ¹m lum. MÃŒNH XEM Láº I CATALOGUE MÃY, CÃ“ BÆ M Xáº¢ VÃ€ Äáº¦U THOÃT ÄÆ¯á»¢C PHÃ‰P CAO HÆ N 1.1m tá»« dÆ°á»›i lÃªn.2/ Gáº¯n cÃ¡i co ná»‘i lÃªn cho á»‘ng thoÃ¡t nhÆ°ng ko dÃ¡n keo, nÃ³ vá»«a trÃ o lÃªn, vá»«a rá»‰ phÃ­a dÆ°á»›i Ä‘oáº¡n ná»‘i MÃ¬nh nghÄ© ÄMX ko cÃ³ ká»¹ thuáº­t nÃ o biáº¿t mÃ¡y rá»­a bÃ¡t thÃ¬ tá»‘t nháº¥t dáº¹p luÃ´n Ä‘á»«ng bÃ¡n. Chá»© bÃ¡n mÃ  ká»¹ thuáº­t cÅ©ng ko biáº¿t thÃ¬ bÃ¡n lÃ m gÃ¬",1,9
Tuáº¥n Anh,QuÃ¡ ok rá»­a sáº¡ch á»•n Ä‘á»‹nh,5,9
ChÃº áº¢nh,"Thá»£ nhÆ°... Ä‘á»• nÆ°á»›c bÃ³ng vÃ  khoang muá»‘iKhoang chá»©a nÆ°á»›c bÃ³ng bá»‹ lá»—, Ä‘á»• nÆ°á»›c bÃ³ng bá»‹ cháº£y háº¿t ra ngoÃ i",1,9
PhÆ°Æ¡ng,,5,9
Nguyá»…n Äá»©c TÃ i,,3,9
Vi HoÃ ng TÃ¹ng,,5,9
Trang Thu,"MÃ¬nh mua Ä‘Æ°á»£c ná»­a thÃ¡ng. Rá»­a cháº¿ Ä‘á»™ nhanh 60 phÃºt vÃ  cháº¿ Ä‘á»™ rá»­a tá»± Ä‘á»™ng auto rá»­a xong bÃ¡t bá»‹ nhá»›t, Æ°á»›t bÃ¡t. Cháº¿ Ä‘á»™ rá»­a sáº¡ch sÃ¢u 70 Ä‘á»™ vÃ  rá»­a tiÃªu chuáº©n eco thÃ¬ sáº¡ch bong. ÄÃ¡nh giÃ¡ chung tá»‘t. ChÃª ko cÃ³ khay trÃªn Ä‘á»±ng Ä‘Å©a, muÃ´i, thÃ¬a. Cáº¯m giá» báº¥t tiá»‡n do Ä‘á»™ cao cá»§a Ä‘Å©a gá»— cháº¡m quáº¡t phun nÆ°á»›c nÃªn nhÃ  mÃ¬nh toÃ n pháº£i Ä‘áº·t Ä‘Å©a náº±m ngang á»Ÿ khay bÃ¡t, cÃ³ lÃºc rÆ¡i xuá»‘ng máº·t Ä‘Ã¡y.",4,10
Tuáº¥n,TÃ´i tháº¥y ok,4,10
Thanh,,4,10
Linh,ráº¥t tá»‘t ráº» ná»¯a,5,11
Nguyá»…n SÆ¡n,"MÃ¡y sá»­ dá»¥ng ok, thiáº¿t káº¿ Ä‘áº¹p, kÃ­ch thÆ°á»›c phÃ¹ há»£p Ä‘á»ƒ Ã¢m báº¿p",5,11
Thy,mÃ¡y sá»­ dá»¥ng tá»‘t,5,11
Nguyá»…n Thá»‹ BÃ­ch Tráº§m,mÃ¡y sá»­ dá»¥ng tá»‘t,5,11
Ngá» TrÆ°á»ng Linh,mÃ¡y sá»­ dá»¥ng tá»‘t,5,11
ChÃº Tuáº¥n,mÃ¡y sá»­ dá»¥ng tá»‘t,5,11
PHáº M THá»Š NGá»ŒC ÄIá»†P,mÃ¡y rá»­a sáº¡ch,4,11
Anh Lá»±c,mÃ¡y rá»­a chÃ©n sáº¡ch,5,11
Nguyá»…n Thá»‹ Kim NgÃ¢n,mÃ¡y sá»­ dá»¥ng tá»‘t,5,11
LÆ°u Thá»‹ Giang,mÃ¡y sá»­ dá»¥ng tá»‘t,5,11
LÃª XuÃ¢n ToÃ n,mÃ¡y sá»­ dá»¥ng tá»‘t,5,11
HÃ¹ng,mÃ¡y sá»­ dá»¥ng tá»‘t,5,11
Chá»‹ PhÆ°Æ¡ng Linh,"mÃ¡y rá»­a chÃ©n tá»‘t , sáº¡ch",5,11
Chá»‹ HÆ°Æ¡ng,mÃ¡y sá»­ dá»¥ng ok,5,11
Nguyá»…n Báº¯c QuÃ½,mÃ¡y sá»­ dá»¥ng tá»‘t,4,11
Huá»³nh Äá»©c Thiá»‡n,mÃ¡y sá»­ dá»¥ng tá»‘t,5,11
Nguyá»…n VÄƒn BÃ¬nh,mÃ¡y sá»­ dá»¥ng tá»‘t,4,11
Äá»— Nháº­t Minh,mÃ¡y xÃ i tá»‘t,5,11
Minh Há»¯u,mÃ¡y sá»­ dá»¥ng tá»‘t,5,11
Huynh Bao Tri,DÃ¹ng Ä‘c 1 tuáº§n. Ráº¥t á»•n. CÃ³ sáº¥y. Rá»­a xong lÃ  chÃ©n khÃ´ rang 100% ko cáº§n má»Ÿ cá»­a gÃ¬ cáº£. Rá»­a ráº¥t sáº¡ch.,5,11
Nguyá»…n Huá»³nh Duy,mÃ¡y sá»­ dá»¥ng tá»‘t,5,12
Chá»‹ Huyá»n,mÃ¡y sá»­ dá»¥ng tá»‘t,5,12
Nguyá»…n Thá»‹ Pháº¥n,mÃ¡y rá»­a chÃ©n tá»‘t,5,12
Ngá»c Anh,mÃ¡y sá»­ dá»¥ng tá»‘t,5,12
CAO THá»Š HUYá»€N TRANG,"mÃ¡y xÃ i tá»‘t, rá»­a sáº¡ch",5,12
Huá»³nh BÃ¡ Sanh,mÃ¡y xÃ i tá»‘t láº¯m,5,12
Nguyá»…n Äá»©c LÆ°Æ¡ng,mÃ¡y sá»­ dá»¥ng tá»‘t,5,12
Anh Háº£i,"mÃ¡y dÃ¹ng á»•n , tá»‘t",5,12
NGUYá»„N HUY PHONG,mÃ¡y sá»­ dá»¥ng á»•n,4,12
Vui,mÃ¡y sá»­ dá»¥ng tá»‘t,4,12
Tran Xuan Bao Quoc,mÃ¡y sá»­ dá»¥ng tá»‘t,5,12
Äáº¶NG ÃCH Háº NH,mÃ¡y rá»­a bÃ¡t ráº¥t ok,5,12
Lyly,,5,12
Táº¡ VÄƒn HÃ²a,Nhiá»‡t tÃ¬nh thÃ¡i Ä‘á»™ tuyÃªt vá»i,5,15
Thao,"MÃ¡y cháº¡y Ãªm, 49dB nÃªn Ã¢m thanh nhá» hÆ¡n cáº£ tiáº¿ng mÃ¡y giáº·t. Cháº¿ Ä‘á»™ rá»­a nhanh nháº¥t lÃ  45 Ä‘á»™ C tá»‘n cÃ³ 29 phÃºt, ráº¥t tiá»‡n lá»£i mÃ  rá»­a váº«n sáº¡ch. CÃ¡c chÆ°Æ¡ng trÃ¬nh khÃ¡c thÃ¬ Ä‘á»u trÃªn 1 tiáº¿ng, nhÆ°ng cÃ³ thá»ƒ báº­t tÄƒng tá»‘c Ä‘á»™ Ä‘á»ƒ rÃºt ngáº¯n thá»i lÆ°á»£ng xuá»‘ng khoáº£ng 20 50%. ThÆ°á»ng nhÃ  mÃ¬nh rá»­a má»™t láº§n vá»›i sá»‘ lÆ°á»£ng nhÆ° sau 1 ná»“i vá»«a + 1 ná»“i nhá» + 2 Ä‘áº¿n 3 bÃ¡t to Ä‘á»±ng canh + 5 chÃ©n cÆ¡m + 2 cá»‘c uá»‘ng cÃ  phÃª + 1 bÃ¬nh nhá»±a Ä‘á»±ng nÆ°á»›c + 1 há»™p nhá»±a Ä‘á»±ng cÆ¡m + 2 Ä‘áº¿n 3 cÃ¡i Ä‘Ä©a vÃ  ngoÃ i ra cÃ²n thÃ¬a Ä‘Å©a muÃ´i canh v.v. NgoÃ i ra, nÃªn dÃ¹ng cháº¥t táº©y rá»­a vÃ  muá»‘i cá»§a hÃ£ng finish lÃ  phÃ¹ há»£p nháº¥t vá»›i mÃ¡y. HÃ£ng cÅ©ng khuyÃªn nÃªn trÃºt bá» vÃ  lau sáº¡ch Ä‘á»“ Äƒn thá»«a bÃ¡m trÃªn chÃ©n Ä‘Ä©a trÆ°á»›c khi bá» vÃ o mÃ¡y, thay vÃ¬ trÃ¡ng nÆ°á»›c Ä‘á»ƒ trÃ¡nh lÃ£ng phÃ­ nÆ°á»›c.",5,15
Huá»³nh Phuong Anh,,5,15
Tráº§n Háº£i,Cáº£ nhÃ  chá»«a hÃ£ng nÃ y ra. Äang dÃ¹ng mÃ¡y nÃ³ phá»±c chÃ¡y. May cÃ³ ng á»Ÿ nhÃ  dáº­p ká»‹p. HÃ£ng tá»« chá»‘i báº£o hÃ nh nÃ³i lÃ  do tÃ¡c Ä‘á»™ng bÃªn ngoÃ i. Ã hÃ£ng nÃ³i nhÃ  mÃ¬nh chÃ¡y nÃªn chÃ¡y lÃ¢y mÃ¡y . LÃºc bÃ¡n thÃ¬ tÆ° váº¥n hay láº¯m trá»¥c tráº·c cÃ¡i báº£o hÃ nh biáº¿t máº·t liá»n. NhÃ  mÃ¬nh ko chÃ¡y. Äiá»‡n cÃ²n nguyÃªn ko cháº­p. Tháº¿ chÃ¡y lÃ  do Ä‘Ã¢u. MÃ¡y ko cÃ³ váº¥n Ä‘á» sao tá»± nhiÃªn chÃ¡y.,1,17
A HÃ o,"MÃ¬nh dÃ¹ng tháº¥y tá»‘t, rá»­a sáº¡ch, mÃ¡y cháº¡y Ãªm",5,17
Long,TÃ´i dÃ¹ng mÃ¡y tháº¥y bÃ¬nh thÆ°á»ng,5,17
Lan,ráº¥t ok,5,17
Báº¯c,"DÃ¹ng chÆ°a dc 3 thÃ¡ng mÃ¡y bÃ¡o lá»—i. Gá»i báº£o hÃ nh thÃ¬ phÃ¡t hiá»‡n cÃ´n trÃ¹ng trong mÃ¡y. Chá»©ng tá» há»‡ thá»‘ng báº£o vá»‡ quÃ¡ kÃ©m. Sá»­a thÃ¬ máº¥t 4,5tr. Ko dc báº£o hÃ nh. Ko dÃ¡m sá»­a vÃ¬ sá»£ cÃ´n trÃ¹ng vÃ o tiáº¿p . Cháº¯c chuyá»ƒn hÃ£ng khÃ¡c.",1,17
Tháº¯ng,Ok tá»‘t nhÆ°ng mk chÆ°a rÃµ cÃ¡ch sá»­ dá»¥ng láº¯m,5,17
Anh Tuáº¥n,"MÃ¬nh dÃ¹ng mÃ¡y hÆ¡n 1 nÄƒm, thá»£ báº£o hÃ nh 3 láº§n. Cháº¿ Ä‘á»™ bh cá»§a Ä‘mx vÃ  cá»§a hÃ£ng ráº¥t tá»‘t, nhiá»‡t tinh. NhÆ°ng vá» mÃ¡y rá»­a bÃ¡t thÃ¬ mÃ¬nh tháº¥y khÃ´ng á»•n láº¯m. Ráº¥t tá»‘n muá»‘i máº·c dÃ¹ mÃ¬nh Ä‘Ã£ dÃ¹ng nguá»“n nÆ°á»›c má»m váº«n tá»‘n muá»‘i gáº¥p nhiá»u láº§n cÃ¡c loáº¡i khÃ¡c. Ai mua nÃªn nghiÃªn cá»©u kÄ© vÃ¬ muá»‘i dÃ¹ng cho mÃ¡y rá»­a bÃ¡t khÃ¡ Ä‘áº¯t",3,17
Nguyá»…n Thá»‹ HoÃ ng ChuyÃªn,"MÃ¡y bá»‹ rÃ² Ä‘iá»‡n cÃ¡c báº¡n ká»¹ thuáº­t xuá»‘ng kiá»ƒm tra vÃ  báº£o nhÃ  á»Ÿ chung cÆ° nÃªn khÃ´ng khoan tiáº¿p Ä‘iá»‡n Ä‘c. Tá»©c lÃ  pháº£i chá»‹u cáº£nh giáº­t báº¥t ká»³ lÃºc nÃ oMÃ¡y cá»±c á»“n, á»“n hÆ¡n cáº£ cÃ¡i mÃ¡y giáº·t luÃ´nkhÃ´ng sá»­a.GiÃ¡ Ãºp bÃ¡t Ä‘Ä©a khÃ¡c so vá»›i hÃ ng trÆ°ng bÃ y lÃºc mÃ¬nh Ä‘i xemkhÃ´ng cÃ³ giáº£i phÃ¡p gÃ¬.Sáº¥y khÃ´ng khÃ´ háº³n cÃ²n Ä‘á»ng nc nhiá»uTá»‡",2,17
Nguyá»…n Äá»©c SÆ¡n,Hoáº¡t Ä‘á»™ng á»•n Ä‘á»‹nh,5,17
CÃ´ Tháº£i,Rat tá»‘t,5,17
C PhÆ°Æ¡ng,"MÃ¡y bá»‹ rÃ² Ä‘iá»‡n, Ä‘á» nghá»‹ Äiá»‡n MÃ¡y Xanh cá»­ nhÃ¢n viÃªn kÄ© thuáº­t Ä‘áº¿n ktra",1,17
NghÄ©a,"MÃ¡y mua ngÃ y 11/9 vá» hÆ¡n 10 ngÃ y má»›i cÃ³ dá»‹p sá»­ dá»¥ng. Sá»­ dá»¥ng Ä‘Æ°á»£c máº¥y hÃ´m Ä‘áº¿n ngÃ y 10/10 bÃ¡o lá»—i, nhÃ¢n viÃªn ÄMX xuá»‘ng kiá»ƒm tra reset láº¡i cÅ©ng ko Ä‘Æ°á»£c. Xong hÃ£ng xuá»‘ng kiá»ƒm tra má»Ÿ bung bÃ©t cÃ¡i mÃ¡y ra vÃ  cÅ©ng chÆ°a xÃ¡c Ä‘á»‹nh Ä‘Æ°á»£c lá»—i cá»¥ thá»ƒ vÃ  nÃ³i sáº½ thay máº¡ch. Gá»i láº¡i yÃªu cáº§u ÄMX Ä‘á»•i hÃ ng vÃ¬ lá»—i trong 30 ngÃ y nhÆ°ng nÃ³i sáº½ trao Ä‘á»•i láº¡i vá»›i hÃ£ng vÃ  bÃ¡o láº¡i cháº­m nháº¥t lÃ  19/10 tráº£ lá»i mÃ  váº«n khÃ´ng tháº¥y Ä‘Ã¢u. HÃ´m nay ngÃ y 20/10 gá»i láº¡i ÄMX thÃ¬ váº«n háº¹n tiáº¿p. ChÆ°Æ¡ng trÃ¬nh báº£o hÃ nh vÃ  cÃ¡ch lÃ m viá»‡c cáº§n xem xÃ©t láº¡i.",1,17
VÆ°Æ¡ng,"MÃ¡y xÃ i tá»‘t, giáº·t sáº¡ch",5,17
BÃ¹i Phan ThÃ¡i,MÃ¡y tÃ´i váº«n Ä‘ang sá»­ dá»¥ng hoáº¡t Ä‘á»™ng bÃ¬nh thÆ°á»ng,5,17
Le Thi Xuan Thu,"Hiá»‡n táº¡i tÃ´i sá»­ dá»¥ng á»•n Ä‘á»‹nh, bÃ¬nh thÆ°á»ng",5,17
Mr Hai,Sáº¢N PHáº¨M MUA 1 TUáº¦N VÃ€ ÄANG Gáº¶P Lá»–I,1,17
CÃ”NG TY Cá»” PHáº¦N HAPPY LAND,Sáº£n pháº©m sá»­ dá»¥ng tá»‘t,5,17
Lai Duc Tho,Sáº£n pháº©m sá»­ dá»¥ng tá»‘t,5,17
Nhung,Sáº£n pháº©m sá»­ dá»¥ng tá»‘t,5,17
CÃ´ ThuÃ½,Sáº£n pháº©m sá»­ dá»¥ng tá»‘t,5,17
Anh Tuan Anh,Sáº£n pháº©m sá»­ dá»¥ng tá»‘t,5,17
Nguyá»…n Thuá»·,á» thá»i Ä‘iá»ƒm hiá»‡n táº¡i mÃ¡y cháº¡y tá»‘t. Há»¯u Ã­ch.,4,17
VÃµ Mai SÆ°Æ¡ng,MÃ¡y rá»­a chÃ©n cá»§a tÃ´i bá»‹ Ä‘á»©ng mÃ¡y ko hoáº¡t Ä‘á»™ng Ä‘c thÃ¬ pháº£i ls Lh á»Ÿ Ä‘Ã¢u Ä‘á»ƒ Ä‘c sá»­a,4,17
Anh Tiá»‡p,Hi,3,17
Phan Táº¥n Huy,Sá»­ dá»¥ng tá»‘t,5,17
CÆ°Æ¡ng,MÃ¡y má»Ÿ Ä‘Ã³ng cá»­a tiáº¿ng kÃªu lá»›n,3,17
Chá»‹ Hiá»n,"Cháº¡y Ãªm , rá»­a sáº¡ch , rá»­a xong nÆ°á»›c váº«n lÆ°u trong mÃ¡y chÆ°a thoÃ¡t háº¿t",5,17
Mr Nguyá»…n Quang Vinh,"MÃ¡y rá»­a bÃ¡t ráº¥t sáº¡ch tiá»‡n dá»¥ng, bÃ¢y giá» nhÃ  tÃ´i 2 ngÃ y má»›i rá»­a 1 láº§n, giáº£i phÃ³ng sá»©c lao Ä‘á»™ng cÃ³ nhiá»u thá»i gian nghá»‰ ngÆ¡i",4,17
Nguyá»…n VÄƒn BÄƒng,Äiá»‡n mÃ¡y xanh bÃ¡n mÃ¡y rá»­a bÃ¡t mÃ  khÃ´ng bÃ¡n viÃªn rá»­a vÃ  muá»‘i rá»­a bÃ¡t nÃªn tÃ´i váº«n chÆ°a dÃ¹ng,2,17
Nguyá»…n Quá»‘c HÃ¹ng,DÃ¹ng á»•n,4,17
Chá»‹ Oanh,"RÃ¡p mÃ¡y bá»‹ lÃ´i, mÃ  alÃ´ nhÃ¢n viÃªn thÃ¬ cháº­m trá»… 8 ngÃ y má»›i giáº£i quyáº¿t",1,17
Chi Minh,ok,5,17
Anh PhÆ¡n,"hiá»‡n táº¡i sá»­ dá»¥ng tá»‘t, khÃ´ng tháº¥y váº¥n Ä‘á» gÃ¬",5,17
Huá»³nh VÄƒn ThÃ nh,"mÃ¡y sá»­ dá»¥ng tá»‘t, ok",5,17
Báº£o,Hiá»‡n táº¡i tá»§ sá»­ dá»¥ng Ä‘Æ°á»£c hÆ¡n 1 nÄƒm tháº¥y cÅ©ng tá»‘t ráº¥t hÃ i lÃ²ng,5,17
CÃ”NG TY Cá»” PHáº¦N XÃ‚Y Dá»°NG VÃ€ THÆ¯Æ NG Máº I STV THÄ‚NG LONG,"váº«n sá»­ dá»¥ng tá»‘t, khÃ´ng cÃ³ váº¥n Ä‘á» gÃ¬",5,17
Tuong Vi Dang,"váº«n Ä‘ang sá»­ dá»¥ng bÃ¬nh thÆ°á»ng, á»•n Ä‘á»‹nh",5,17
CÃ´ Hoa,ok,5,17
Dao Thi Mong Huyen,"váº«n Ä‘ang hoáº¡t Ä‘á»™ng tá»‘t, dá»‹ch vá»¥ báº£o hÃ nh cÅ©ng khÃ¡ hÃ i lÃ²ng.",5,17
Tá»‘ng Thá»‹ Thu HÃ ,ok,5,17
Ngá»c Mai,Hiá»‡n táº¡i tá»§ sá»­ dá»¥ng Ä‘Æ°á»£c hÆ¡n 1 nÄƒm tháº¥y cÅ©ng tá»‘t ráº¥t hÃ i lÃ²ng,5,17
CÃ´ Ná»¥,"mÃ¡y sá»­ dá»¥ng tá»‘t, ok",5,17
Mai,"MÃ¡y rá»­a Ãªm, phá»¥ há»£p vá»›i gia Ä‘Ã¬nh Ä‘Ã´ng ngÆ°á»i hoáº·c ngÆ°á»i báº­n rá»™n, sáº½ tiáº¿t kiá»‡m thá»i gian.",5,17
ChÃº Tháº¿,"MÃ¡y dÃ¹ng tá»‘t Ä‘Ãºng theo giá»›i thiá»‡u vá» sáº£n pháº©m, tiáº¿t kiá»‡m Ä‘iá»‡n, nÆ°á»›c.",4,17
Pháº¡m VÄƒn Láº­p,"MÃ¡y má»›i sá»­ dá»¥ng nhÆ°ng rá»­a chÃ©n bÃ¡t ráº¥t lÃ¢u, nhÆ°ng mÃ¡y khÃ´ng dá»«ng káº¿t thÃºc chÆ°Æ¡ng trÃ¬nh. Há»‡ thá»‘ng sáº¥y khÃ´ng hiá»ƒn thá»‹ khi gáº§n káº¿t thÃºc chÆ°Æ¡ng trÃ¬nh rá»­a.",2,17
Anh PhÆ¡n,"Sáº£n pháº©m dÃ¹ng bÃ¬nh thÆ°á»ng, váº«n tá»‘t, thiáº¿t káº¿ sáº£n pháº©m, thÃ¬ cÅ©ng váº­y thÃ´i, báº£ng Ä‘iá»u khiá»ƒn dá»… sá»­ dá»¥ng, mÃ¡y hoáº¡t Ä‘á»™ng Ãªm, sau khi rá»­a thÃ¬ cÅ©ng sáº¡ch.",4,17
Nguyá»…n Quá»‘c SÆ¡n,"Sáº£n pháº©m cÅ©ng Ä‘Æ°á»£c, nhÆ°ng khi muá»‘n mua muá»‘i lÃ m má»m nÆ°á»›c vÃ  xÃ  bÃ´ng Ä‘á»ƒ rá»­a, vá»‡ sinh mÃ¡y thÃ¬ khÃ´ng cÃ³ bÃ¡n mÃ  pháº£i lÃªn máº¡ng mua nÃªn hÆ¡i báº¥t tiá»‡n, nhÃ¢n viÃªn láº¯p Ä‘áº·t khÃ´ng rÃ nh vá» mÃ¡y láº¯m nÃªn khÃ´ng hÆ°á»›ng dáº«n há»— trá»£ cho mÃ¬nh Ä‘Æ°á»£c, thiáº¿t káº¿ thÃ¬ Ä‘Æ°á»£c, báº£ng Ä‘iá»u khiá»ƒn tiá»‡n sá»­ dá»¥ng nhÆ°ng sÃ¡ch hÆ°á»›ng dáº«n thÃ¬ viáº¿t khÃ³ hiá»ƒu quÃ¡, mÃ¡y cháº¡y Ãªm, chÃ©n bÃ¡t sau sá»­ dá»¥ng sáº¡ch",4,17
LÃª Äá»©c ThÃ nh,"Sáº£n pháº©m sá»­ dá»¥ng á»•n, chÆ°a cÃ³ váº¥n Ä‘á» gÃ¬, thiáº¿t káº¿ hÃ i lÃ²ng, báº£ng Ä‘iá»u khiá»ƒn dá»… sá»­ dá»¥ng, mÃ¡y cháº¡y cÃ³ tiáº¿ng á»“n nhÆ°ng cháº¥p nháº­n Ä‘Æ°á»£c, chÃ©n tÃ´ biáº¿t cÃ¡ch sáº¯p xáº¿p thÃ¬ rá»­a sáº¡ch",4,17
Tá»‘ng Thá»‹ Thu HÃ ,"Sáº£n pháº©m sá»­ dá»¥ng ok nhÆ°ng cÃ¡i táº§ng á»Ÿ dÆ°á»›i khÃ´ng Ä‘c tiá»‡n nhÆ° sáº£n pháº©m 8 bá»™, báº£ng Ä‘iá»u khiá»ƒn dá»… sá»­ dá»¥ng, mÃ¡y cháº¡y Ãªm, chÃ©n tÃ´ thÃ¬ sáº¡ch nhÆ°ng ná»“i thÃ¬ khÃ´ng sáº¡ch láº¯m cÃ³ tháº¿ do nhiá»u cháº¥t bÃ¡m dÃ­nh",4,17
Huá»³nh VÄƒn ThÃ nh,"Sáº£n pháº©m sá»­ dá»¥ng tá»‘t á»•n, thiáº¿t káº¿ Ä‘áº¹p, báº£ng Ä‘iá»u khiá»ƒn dá»… dÃ¹ng nhÆ°ng khÃ´ng há»— trá»£ tá»‘t khi muá»‘n Ä‘á»•i cháº¿ Ä‘á»™, cháº¡y Ãªm, khÃ´ng cÃ³ chá»— Ä‘á»ƒ chÃ©n mÃ  chá»‰ Ä‘á»ƒ dÄ©a nÃªn hÆ¡i báº¥t tiá»‡n",4,17
Anh Nam,,5,17
TÃ¢n,,5,17
Thanh Van,,5,17
DOANH NGHIá»†P TÆ¯ NHÃ‚N TRáº¦N CÃC NGUYÃŠN,,5,17
Nguyá»…n Ngá»c NgÃ¢n,,5,17
HÃ  Thá»‹ Thu Tháº£o,,5,17
LÃŠ QUANG HIá»†P,,3,17
Anh KhÆ°Æ¡ng,,5,17
KhuÃª,,5,17
LÃª VÃ¢n,,5,17
Anh TrÃ¬nh,"Ráº¥t tá»‘t, ráº¥t hÃ i lÃ²ng",5,20
LÃª Thá»‹ LÃ¢n,DÃ¹ng Ä‘Æ°á»£c,3,20
Nguyá»…n Ngá»c PhÃº,MÃ¡y rá»­a xong dÃ¹ Ä‘Ã£ má»Ÿ thÃªm sáº¥y tÄƒng cÆ°á»ng nhÆ°ng nÆ°á»›c Ä‘á»ng trÃªn khung vÃ  mÃ¡y cÃ²n ráº¥t nhiá»u. Gá»i Ä‘iá»‡n lÃªn tá»•ng Ä‘Ã i nhÆ°ng ko báº¯t mÃ¡y.,3,20
Nguyá»…n Anh Tuáº¥n,Sáº¥y khÃ´ng khÃ´,2,20
LÃª Thuá»·,"MÃ¡y sáº¥y chÃ¡n, khÃ´ng khÃ´. Tháº¥t vá»ng thiá»‡t luÃ´n",2,20
Tráº§n Kiá»u,"MÃ¡y khÃ´ng sáº¥y khÃ´ Ä‘Æ°á»£c, máº·c dÃ¹ chá»n cháº¿ Ä‘á»™ sáº¥y tÄƒng cÆ°á»ng mÃ  cÃ²n Ä‘á»ng láº¡i 1 Ä‘á»‘ng nÆ°á»›c trÃªn khung rá»­a vÃ  thÃ nh mÃ¡y chá»© Ä‘á»«ng nÃ³i chi lÃ  trÃªn chÃ©n dÄ©a. MÃ¡y quÃ¡ tá»‡.",1,20
Phan ÄÄƒng,"DÃ¹ng ráº¥t tá»‘t, rá»­a sáº¡ch, nhanh",5,20
Nguyá»…n Mai Lam,MÃ¡y cháº¡y yÃªn tá»‰nh rá»­a sáº¡ch giÃ¡ há»£p lÃ½.,5,20
Nguyá»…n Tá»© Háº£i,"Sáº£n pháº©m lá»—i váº«n chÆ°a Ä‘Æ°á»£c bÃ o hÃ nh, rá»­a xong váº«n Ä‘á»ng nhi",3,20
Cao VÄƒn Äáº¡t,MÃ¡y chÆ°a dÃ¹ng Ä‘Ã£ há»ng NhÃ¢n viÃªn hÃ£ng Ä‘áº¿n nhanh NhÃ¢n viÃªn ÄMX xá»­ lÃ½ khÃ´ng á»•n,2,20
Chá»‹ Háº±ng,Má»›i sd láº§n Ä‘áº§u Ä‘Ã£ lá»—i.,1,20
C Hoa,Ráº¥t tá»‘t,5,20
Nguyá»…n Há»“ng LÆ°Æ¡ng,Ráº¥t Ä‘Ã¡ng mua á»Ÿ táº§m giÃ¡,5,20
HÃ€ THá»Š LAN,"MÃ¡y rá»­a ráº¥t Æ°ng: bÃ¡t sáº¡ch, khÃ´ng tá»‘n Ä‘iá»‡n",5,20
Nguyá»…n Thá»‹ Thu UyÃªn,Rá»­a sáº¡ch,4,20
Nguyá»…n ThÃ nh Nam,DÃ¹ng khÃ¡ tá»‘t,4,20
Nguyá»…n Tráº§n Tuáº¥n,"San pháº©m bá»‹ lá»—i, rá»­a khÃ´ng sáº¥y khÃ´. ChÆ°a kháº¯c phá»¥c Ä‘Æ°á»£c, Ä‘á» nghi Ä‘á»•i mÃ¡y",1,20
DÆ°Æ¡ng Tuáº¥n,,3,20
ChÃº Ngá»i,,5,20
BÃ¹i Thá»‹ ThÆ¡,,5,20
LÃ² VÄƒn Váº¥n,DÃ¹ng hÆ¡n tuáº§n. MÃ¡y bá»‹ Ä‘á»ng nÆ°á»›c máº·c dÃ¹ cÃ³ báº­t thÃªm extra dry. BÃ¡t thÃ¬ khÃ´ nhÆ°ng nÆ°á»›c Ä‘á»ng trÃªn nÃ³c mÃ¡y rá»“i rÆ¡i láº¡i Ä‘áº§y trÃ´n bÃ¡t.,4,21
LÃŠ THá»Š THANH PHÆ¯Æ NG,MÃ¡y má»›i mua rá»­a xong bá»‹ Ä‘á»ng nÆ°á»›c trong thÃ nh mÃ¡y. Máº·c dÃ¹ Ä‘Ã£ chá»n thÃªm cháº¿ Ä‘á»™ sáº¥y,1,21
NghÄ©a,"Rá»­a ná»“i khÃ´ng sáº¡ch, chÃ©n bÃ¡t thÃ¬ sáº¡ch",3,22
Nguyá»…n Thá»‹ Huá»³nh Hoa,"MÃ¡y rá»­a sáº¡ch,ráº¥t xá»©ng Ä‘Ã¡ng Ä‘á»ƒ Ä‘áº§u tÆ°",4,22
Nguyá»…n Huá»³nh XuÃ¢n ÄÃ­nh,Ok,3,22
LÃª Tuáº¥n HÆ°ng,"MÃ¡y cháº¡y Ãªm, rá»­a má»i cÃ¡i ráº¥t sáº¡ch",4,22
KhÆ°Æ¡ng,"Mua mÃ¡y nÃ y á»Ÿ dmx q1 nhÃ¢n viÃªn tÆ° váº¥n tÃªn QuyÃªnLÃºc Ä‘áº§u há»i cÃ³ sáº¥y khÃ´ khÃ´ng Chá»‹ nÃ y báº£o cÃ³,xong Ä‘Æ°a báº£ng chá»©c nÄƒng cho xem Vá» sáº¥y Æ°á»›t nhem Ä‘á»ƒ 4 ngÃ y má»Ÿ cá»­a váº«n khÃ´ng khÃ´Dmx xuá»‘ng check thÃ¬ báº£o lá»—i hÃ£ngHÃ£ng xuá»‘ng thÃ¬ báº£o lá»—i bÃªn tÆ° váº¥n ko rÃµCuá»‘i cÃ¹ng khÃ¡ch chá»‹u thiá»‡tKo mua á»Ÿ Ä‘Ã¢y 1 láº§n nÃ o ná»¯a",1,23
TÃ´ Hiáº¿n ThÃ nh,Má»›i mua vá» láº¥y bÃºt thá»­ Ä‘iá»‡n thá»­ vá» thÃ¬ bÃºt Ä‘á».DÃ¹ng 1 ngÃ y bá»‹ lá»—i F5. NhÃ¢n viÃªn ÄMX Ä‘áº¿n há»— trá»£ khÃ´ng giáº£i quyáº¿t Ä‘Æ°á»£c háº¹n 2 ngÃ y hÃ£ng Ä‘áº¿n há»— trá»£. KhÃ´ng tháº¥y hÃ£ng Ä‘Ã¢u.Tráº£i nghiá»‡m tá»“i Ä‘áº¿n vá»›i ÄMX vÃ  hÃ£ng hafele.,1,23
Chá»‹ Há»“ng,Tá»•t,5,23
Chá»‹ QuyÃªn,MÃ¡y hoáº¡t Ä‘á»™ng tá»‘t,4,23
BÃ™I Máº NH CÆ¯á»œNG,"MÃ¡y cháº¡y Ãªm , ngoáº¡i hÃ¬nh Ä‘áº¹p , cÃ³ khay ráº£i Ä‘Å©a rá»­a ráº¥t sáº¡ch . Cho sáº£n pháº©m 5 sao . Sáº½ giá»›i thiá»‡u cho báº¡n bÃ¨ ngÆ°á»i thÃ¢n",5,23
Ngo Thu,"MÃ¡y cháº¡y ráº¥t Ãªm. ChÃ©n bÃ¡t rá»­a xong ráº¥t sáº¡ch, bÃ³ng. NÃ³i chung ráº¥t lÃ  hÃ i lÃ²ng.",5,23
Thuá»³ VÃ¢n,,5,23
Äáº·ng Máº¡nh HÃ ,,5,23
A SÆ¡n,,3,23
A HÃ¹ng,"DÃ²ng mÃ¡y nÃ y sáº¥y khÃ´ng khÃ´, Ä‘á»ng nÆ°á»›c ráº¥t nhiá»u. Sau khi phÃ n nÃ n vÃ  Ä‘á»•i mÃ¡y má»›i thÃ¬ Ä‘á»¡ Ä‘á»ng nÆ°á»›c hÆ¡n nhÆ°ng bÃ¡t Ä‘Ä©a Ä‘Æ°á»£c khuyáº¿n mÃ£i thÃªm mÃ¹i cháº¥t táº©y rá»­a finish. Káº¿t luáº­n CÃ¢n nháº¯c ká»¹ trÆ°á»›c khi mua dÃ²ng mÃ¡y nÃ y. YÃªu cáº§u ÄMX ghi rÃµ vÃ o thÃ´ng sá»‘ ká»¹ thuáº­t lÃ  dÃ²ng mÃ¡y nÃ y sáº¥y khÃ´ng khÃ´. Sau khi liÃªn há»‡ bá»™ pháº­n CSKH Ä‘á»ƒ Ä‘á»•i háº³n dÃ²ng mÃ¡y khÃ¡c thÃ¬ máº¥t 20%. Ok, khÃ´ng sao cáº£, cá»­a hÃ ng bÃ¡n hÃ ng thÃ¬ sáº½ cÃ³ chÃ­nh sÃ¡ch cá»§a cá»­a hÃ ng, vÃ  khÃ¡ch hÃ ng sáº½ pháº£i cháº¥p nháº­n, dÃ¹ cháº¥t lÆ°á»£ng sáº£n pháº©m cÃ³ tháº¿ nÃ o.",2,24
Äáº·ng HoÃ ng Tuáº¥n,MÃ¡y rá»­a bÃ¡t Ãªm nhÆ°ng khÃ´ng tá»± má»Ÿ cá»­a sau khi hoÃ n táº¥t chu trÃ¬nh rá»­a.,4,24
Nguyá»…n Quang Thuáº­n,"Gá»­i anh TÃ i chá»§ tá»‹ch MWG TÃ´i sdt xxxx858279 Ä‘Ã£ mua tá»« thÃ¡ng 10, mÃ¡y xÃ i bÃ¬nh thÆ°á»ng. NhÆ°ng hiá»‡n táº¡i mÃ¡y bá» viÃªn nÆ°á»›c rá»­a chÃ©n vÃ o sau khi rá»­a xong váº«n cÃ²n nguyÃªn. ÄÃ£ gá»i cho ká»¹ thuáº­t Ä‘iá»‡n mÃ¡y xanh tá»›i kiá»ƒm tra. Há» khÃ´ng biáº¿t sá»­a! Há» nÃ³i sáº½ kÃªu ká»¹ thuáº­t cá»§a hÃ£ng tá»›i nhÆ°ng Ä‘Ã£ hÆ¡n 1 tuáº§n khÃ´ng tháº¥y tá»›i! Phong cÃ¡ch lÃ m viá»‡c quÃ¡ tá»‡!",1,24
CÃ´ng Ty Tnhh Tmdv Minh HuÃª,"MÃ¡y lá»›n, rá»­a sáº¡ch, thiáº¿t káº¿ sang trá»ng hiá»‡n Ä‘áº¡i",4,24
LÆ°Æ¡ng VÄƒn Máº¡nh,Ac cho e há»i. May e mua vá» rá»­a Ä‘k 1 láº§n. Láº§n 2 rÆ°a k Ä‘k ná»¯a k biáº¿t lá»—i j.kÃªu tÃ­t tÃ­t tÃ­t tÃ­t. Ui nhÃ¡y nÃºt on/off vá»›i nÃºt start. VÃ  sang 2 nÃºt eco vá»›i rá»­a há»‘n há»£p. C giup e vá»›i. Táº¿t ui.,3,24
Dang Anh Qui,KhÃ´ng biáº¿t dÃ¹ng Ä‘Ãºng nÆ°á»›c rá»­a chÃ©n khÃ´ng! NÃªn rá»­a cáº£m giÃ¡c ko sáº¡ch láº¯m! Hy vá»ng Ä‘iá»‡n mÃ¡y xanh bÃ¡n loáº¡i nÆ°á»›c rá»­a chÃ©n phÃ¹ há»£p vá»›i mÃ¡y! Cáº£m Æ¡n!,3,24
Láº I THá»Š PHÆ¯á»¢NG,tá»‘t,5,24
A HÃ ,Ráº¥t tá»‘t,5,24
Mai Ngá»c QuyÃªn,MÃ¡y rá»­a sáº¡ch sáº½,4,24
DÆ°Æ¡ng,,4,24
Truyá»n,,4,24
CÃ´ Nháº­t,,4,24
CÃ´ Dung,,3,24
Trung,"mÃ¡y rá»­a khÃ¡ sáº¡ch,sáº¥y á»Ÿ má»©c khÃ¡ á»•n,mÃ¡y cháº¡y Ãªm.má»›i Ä‘áº§u khÃ¡ khÃ³ dÃ¹ng nhÆ°ng káº¿t ná»‘i vá»›i á»©ng dá»¥ng home connect Ä‘iá»u khiá»ƒn hay thÃ´ng bÃ¡o Ä‘á»u qua Ä‘iá»‡n thoáº¡i nÃªn ráº¥t tiá»‡n.Má»i ngÆ°á»i nÃªn nhá» nhÃ¢n viÃªn láº¯p Ä‘áº·t cÃ i luÃ´n á»©ng dá»¥ng.",5,25
Luong Máº¡nh Háº£i,MÃ¡y khÃ´ng cÃ³ Ä‘Ã¨n hiá»ƒn thá»‹ giá» KhÃ´ng biáº¿t bao giá» má»›i rá»­a bÃ¡t xong Chi tiáº¿t Ä‘Æ¡n giáº£n tháº¿ mÃ  cÅ©ng cáº¯t giáº£m Ä‘i Ä‘Æ°á»£c. Äiá»‡n mÃ¡y xanh háº¿t sá»©c lÆ°u Ã½ váº¥n Ä‘á» nÃ y cho khÃ¡ch náº¯m Ä‘Æ°á»£c thÃ´ng tin nhÃ©,1,25
HÃ n Thu Trang,"MÃ n hÃ¬nh mÃ¡y nÃ y khÃ´ng hiá»ƒn thá»‹ lÃ  do lá»—i mÃ¡y hay do cáº¥u hÃ¬nh cá»§a dÃ²ng serie 2 nÃ y nÃ³ tháº¿ áº¡ HÃ´m qua mÃ¬nh má»›i cháº¡y thá»­ cháº¿ Ä‘á»™ eco mÃ  gáº§n 3 tiáº¿ng váº«n chÆ°a xong, mÃ n hÃ¬nh khÃ´ng hiá»ƒn thá»‹ nÃªn khÃ´ng biáº¿t Ä‘Æ°á»£c thá»i gian cháº¡y cá»§a mÃ¡y lÃ  nhÆ° nÃ o",3,25
Sang,"Náº¿u ai láº§n Ä‘áº§u sá»­ dá»¥ng mÃ¡y rá»­a chÃ©n mÃ  mua con nÃ y cháº¯c cháº¯n sáº½ khÃ³ chá»‹u. khÃ´ng mÃ n hÃ¬nh hiá»ƒn thá»‹ thá»i gian khÃ´ng Ä‘iá»u chá»‰nh Ä‘á»™ cao khay rá»­a khÃ´ng cÃ³ cháº¿ Ä‘á»™ rá»­a cao cáº¥p gÃ¬ háº¿t so vá»›i táº§m giÃ¡ khÃ´ng cÃ³ hÆ°á»›ng dáº«n tiáº¿ng viá»‡t pháº£i káº¿t ná»‘i app má»›i táº¡o Ä‘Æ°á»£c chÆ°Æ¡ng trÃ¬nh rá»­a yÃªu thÃ­chÄÃ¢y lÃ  má»™t chiáº¿c mÃ¡y nhÃ¬n thÃ¬ cÃ³ váº» ráº¥t cÆ¡ báº£n vÃ  dá»… thao tÃ¡c nhÆ°ng thá»±c sá»± khÃ´ng pháº£i váº­y. Viá»‡c bá» mÃ n hÃ¬nh hiá»ƒn thá»‹ thá»i gian khiáº¿n má»›i Ä‘áº§u sá»­ dá»¥ng khÃ¡ khÃ³ chá»‹u. Vá»›i má»™t ngÆ°á»i khÃ´ng rÃ nh vá» cÃ´ng nghá»‡ thÃ¬ viá»‡c lá»±a chá»n cháº¿ Ä‘á»™ rá»­a sáº½ hÆ¡i khÃ³ khÄƒn. Náº¿u cÃ³ Ã½ Ä‘á»‹nh mua cho ngÆ°á»i lá»›n tuá»•i dÃ¹ng thÃ¬ má»i ngÆ°á»i lÃªn cÃ¢n nháº¯c.RiÃªng vá»›i gia Ä‘Ã¬nh mÃ¬nh. Sau má»™t thá»i gian sá»­ dá»¥ng. MÃ¬nh cÃ i app Ä‘á»ƒ Ä‘iá»u khiá»ƒn tá»« xa thÃ¬ tháº¥y ráº¥t hÃ i lÃ²ng. MÃ¡y hoáº¡t Ä‘á»™ng tá»‘t, rá»­a sáº¡ch. NhÆ°á»£c Ä‘iá»ƒm khÃ´ng cÃ³ mÃ n hÃ¬nh hiá»ƒn thá»‹ thá»i gian khÃ´ng cÃ²n quan trá»ng ná»¯a vÃ¬ mÃ¬nh chá»‰ xem qua app vÃ  Ä‘iá»u khiá»ƒn mÃ¡y.",5,25
Viá»‡t,"MÃ¡y rá»­a sáº¡ch nha pÃ  con,",5,25
Chinh,"mua rÃ¹i, mÃ  chÆ°a káº¿t ná»‘i Ä‘Æ°á»£c vá»›i Ä‘iá»‡n thoáº¡i, vui lÃ²ng há»— trá»£",4,25
Há»’ ÄÃŒNH THá»¦Y,,5,27
Nguyá»…n ThÃ nh Nam,"MÃ¡y ko sáº¥y khÃ´ hoÃ n toÃ n, hÃ£ng cho ngÆ°á»i xuá»‘ng kiá»ƒm tra thÃ¬ yÃªu cáº§u pháº£i cÃ³ cháº¥t lÃ m bÃ³ng thÃ¬ chÃ©n bÃ¡t má»›i khÃ´ Ä‘Æ°á»£c, nhÃ  sáº£n xuáº¥t nÆ°á»›c rá»­a chÃ©n thÃ¬ há» cÃ³ dung dá»‹ch 2 trong má»™t rá»­a vÃ  lÃ m bÃ³ng. nhÆ°ng nhÃ¢n viÃªn cá»§a Elextrolux nÃ³i lÃ  pháº£i dÃ¹ng nÆ°á»›c lÃ m bÃ³ng riÃªng, nhÆ°ng khuyáº¿n cÃ¡o lÃ  dÃ¹ cÃ³ nÆ°á»›c trá»£ xáº£ Ä‘i ná»¯a thÃ¬ ko khÃ´ hoÃ n toÃ n nhÆ° mÃ¡y cá»§a cÃ¡c hÃ£ng khÃ¡c Ä‘Æ°á»£c, váº«n cÃ²n nÆ°á»›c Ä‘á»ng trÃªn cÃ¡c dá»¥ng cá»¥ báº±ng nhá»±a náº¿u sá»›m biáº¿t tháº¿ nÃ y mÃ¬nh Ä‘Ã£ ko xÃ i Eluxtrolux",1,28
LÃª Lan,"LÆ°á»£ng nÆ°á»›c cÃ²n Ä‘á»ng láº¡i trÃªn chÃ©n Ä‘Ä©a, chÃ©n bÃ¡t sá» vÃ o váº«n cÃ²n áº©m nÆ°á»›c vÃ  Ä‘Ã­t cá»§a chÃ©n Ä‘Ä©a cÃ²n Ä‘á»ng nÆ°á»›c, trÃªn thÃ nh trÃªn cá»§a mÃ¡y rá»­a chÃ©n cÅ©ng Ä‘á»ng nÆ°á»›c. Sau khi báº£o hÃ nh váº«n váº­y, thÃ¡i Ä‘á»™ nhÃ¢n viÃªn nÃªn xem láº¡i.",4,28
Thang,"MÃ¡y cÃ²n báº£o hÃ nh Ä‘áº¿n 14/8/2024, mÃ¡y bá»‹ lá»—i I30 tá»« tá»‘i ngÃ y 15/6/2024, ngÃ y 16/6/2024 gá»i bÃªn trung tÃ¢m báº£o hÃ nh cá»§a Ä‘iá»‡n mÃ¡y xanh DV Tan Tam thÃ¬ ngÃ y 18/6/2024 thá»£ bÃªn táº­n tÃ¢m sdt xxxx898616 Ä‘áº¿n kiá»ƒm tra bÃ¡o mÃ¡y lá»—i I30 vÃ  sáº½ bÃ¡o bÃªn hÃ£ng thay bo máº¡ch, trong 13 ngÃ y tá»›i. Äáº¿n ngÃ y 19/6/2024 tÃ´i nháº­n Ä‘Æ°á»£c báº¡n ná»¯ sdt xxxx361881 báº£o e bÃªn Báº£o hÃ nh hÃ£ng Electrolux á»Ÿ VÄƒn PhÃº HÃ  ÄÃ´ng bÃ¡o mÃ¡y háº¿t báº£o hÃ nh 6 thÃ¡ng vÃ  cho nhÃ¢n viÃªn Ä‘áº¿n nhÃ  kiá»ƒm tra tiáº¿p máº¥t 200k tiá»n phÃ­, tÃ´i gá»i cho Ä‘iá»‡n mÃ¡y xanh báº£o sao láº¡i cÃ³ sá»± vÃ´ lÃ½ nhÆ° nÃ y vÃ¬ mua cá»§a Ä‘iá»‡n mÃ¡y xanh mÃ¡y cÃ²n báº£o hÃ nh Ä‘iá»‡n tá»­ Ä‘áº¿n 14/6/2024 Ä‘iá»‡n mÃ¡y xanh láº¡i báº£o pháº£i chá» Ä‘áº¿n ngÃ y 22/6/2024 má»›i thÃ´ng tin láº¡i. LÃºc mua thÃ¬ tiá»n ngay, lÃºc báº£o hÃ nh thÃ¬ lÃ¢u háº¹n háº¿t ngÃ y ná» sang ngÃ y kia, tháº­t má»‡t má»i, sá»‘t ruá»™t vÃ  táº¡i sao mÃ¡y mua bÃªn Ä‘iá»‡n mÃ¡y xanh bÃ¡o cÃ²n báº£o hÃ nh, bÃªn hÃ£ng láº¡i bÃ¡o háº¿t báº£o hÃ nh, quÃ¡ vÃ´ lÃ½",2,28
Sang,MÃ¡y má»›i mua cháº¡y háº¿t chu trÃ¬nh rá»­a xong tá»›i lÃºc má»Ÿ ra toÃ n nÆ°á»›c. ÄÃ£ Ä‘iá»‡n Ä‘iá»‡n mÃ¡y xanh tá»›i kiá»ƒm tráº£ vÃ  chá» 3 ngÃ y Ä‘á»ƒ hÃ£ng tá»›i kiá»ƒm tra. Mua ráº¥t nhiá»u hÃ ng Ä‘iá»‡n mÃ¡y xanh hi vá»ng láº§n nÃ y bÃªn Ä‘iá»‡n mÃ¡y xanh xá»­ lÃ½ á»•n thoáº£.,1,28
VÅ© Phong,"mÃ¡y bá»‹ lá»—i sáº¥y khÃ´ng khÃ´, kÄ© thuáº­t bÃªn hÃ£ng cÃ¹ng vá»›i kÄ© thuáº­t bÃªn Ä‘iá»‡n mÃ¡y xanh, Ä‘áº¿n kiá»ƒm tra vÃ  thÃ´ng bÃ¡o lá»—i sáº¥y khÃ´ng khÃ´ vÃ  cÃ³ láº­p biÃªn báº£n, nhÆ°ng Ä‘iá»‡n mÃ¡y xanh Ä‘iá»‡n láº¡i bÃ¡o mÃ¡y hoáº¡t Ä‘á»™ng bÃ¬nh thÆ°á»ng, Ä‘Ã£ pháº£n Ã¡nh tá»« hÃ´m 22/11 nhÆ°ng hÃ£ng háº¹n láº¡i Ä‘áº¿n 25/11 xá»­ lÃ½, nhÆ°ng Ä‘áº¿n 25/11 láº¡i háº¹n 27 rá»“i 27 láº¡i háº¹n 29, sau Ä‘Ã³ kÄ© thuáº­t viÃªn láº¡i Ä‘áº¿n kiá»ƒm tra váº«n thÃ´ng bÃ¡o lá»—i vá»›i mÃ¬nh nhÆ° tháº¿, nhÆ°ng tá»•ng Ä‘Ã i gá»i láº¡i báº£o lÃ  ká»¹ thuáº­t viÃªn bÃ¡o mÃ¡y hoáº¡t Ä‘á»™ng bÃ¬nh thÆ°á»ng, mÃ¬nh hoÃ n tráº£ mÃ¡y vÃ  máº¥t 20% trong khi mÃ¡y bá»‹ lá»—i vÃ  mÃ¬nh giá»¯ biÃªn báº£n, mÃ¬nh Ä‘Ã£ mua hÃ ng bÃªn Ä‘iá»‡n mÃ¡y xanh nhiÃªn nhÆ°ng Ä‘áº¿n sáº£n pháº©m nÃ y bá»‹ lá»—i vÃ  Ä‘iá»‡n mÃ¡y xanh xá»­ lÃ½ ráº¥t tá»‡, nÃªn mÃ¬nh sáº½ khÃ´ng mua hÃ ng cá»§a Ä‘iá»‡n mÃ¡y xanh ná»¯a",1,28
Anh CÆ°á»ng,"Hiá»‡n táº¡i tÃ´i sá»­ dá»¥ng á»•n Ä‘á»‹nh, bÃ¬nh thÆ°á»ng",5,28
NgÃ´ VÄƒn HÃ¹ng,MÃ¡y xÃ i á»•n Ä‘á»‹nh,5,28
Trang,"Hiá»‡n mÃ¡y sá»­ dá»¥ng váº«n á»•n, chÆ°a cÃ³ trá»¥c tráº·c gÃ¬",5,28
Nguyá»…n Thá»‹ Há»“ng VÃ¢n,Äáº¿n nay mÃ¡y váº«n dÃ¹ng á»•n Ä‘á»‹nh,5,28
Há»©a CÃ´ng Doanh,"MÃ¡y hoáº¡t Ä‘á»™ng tá»‘t, tÃ´i hÃ i lÃ²ng",5,28
CÃ”NG TY TNHH THÆ¯Æ NG Máº I SAKURA VIá»†T NAM,MÃ¡y cÅ©ng Ä‘Æ°á»£c,5,28
ChÃº KhÃ´i,"Hiá»‡n nay theo tÃ´i quan sÃ¡t thÃ¬ mÃ¡y váº«n Ä‘ang hoáº¡t Ä‘á»™ng á»•n Ä‘á»‹nh, bÃ¬nh thÆ°á»ng",5,28
ChÃº Lá»±c,"Hiá»‡n táº¡i tÃ´i sá»­ dá»¥ng á»•n Ä‘á»‹nh, bÃ¬nh thÆ°á»ng",5,28
Há»©a Quang TrÃ­,"CÅ©ng Ä‘á»Ÿ Ä‘au lÆ°ng hÆ¡n rá»­a báº±ng tay, gia Ä‘Ã¬nh 3 ngÆ°á»i thÃ¬ má»—i ngÃ y pháº£i rá»­a má»™t láº§n, chÃ©n pháº£i Ä‘Æ°á»£c trÃ¡ng báº±ng nÆ°á»›c trÆ°á»›c cho sáº¡ch rá»“i má»›i Ä‘Æ°a vÃ o mÃ¡y. Mua viÃªn rá»­a chÃ©n vÃ  muá»‘i hÆ¡i khÃ³ vÃ¬ siÃªu thá»‹ vÃ  bÃ¡ch hÃ³a xanh khÃ´ng cÃ³ bÃ¡n, pháº£i lÃªn máº¡ng mua máº¥t thá»i gian.",4,28
Anh Chiáº¿n,"DÃ¹ng ok láº¯m, tÃ´i hÃ i lÃ²ng",5,28
Kim LiÃªn,"MÃ¡y cháº¡y Ãªm, rá»­a sáº¡ch",5,28
Pháº¡m Tháº¿ PhÃºc,Sáº£n pháº©m sá»­ dá»¥ng tá»‘t,5,28
Äá»©c,sáº£n pháº©m sá»­ dá»¥ng ok,5,28
PhÆ°Æ¡ng,TÃ´i tháº¥y nhÃ  sá»­ dá»¥ng tháº¥y cÅ©ng khÃ¡ ok chÆ°a cÃ³ gÃ¬ phÃ n nÃ n vá» mÃ¡y nÃ y,5,28
HoÃ¡n,Sáº£n pháº©m mÃ¡y rá»­a bÃ¡t nÃ y tÃ´i tháº¥y rá»­a cÅ©ng khÃ¡ á»•n,5,28
Há»“ Thá»‹ Cáº©m Trang.,MÃ¡y rá»­a chÃ©n tÃ´i sá»­ dá»¥ng tháº¥y khÃ¡ á»•n cháº¥t lÆ°á»£ng tá»‘t so vá»›i giÃ¡ tiá»n,5,28
Tuáº¥n,Sáº£n pháº©m sá»­ dá»¥ng tá»‘t,5,28
Anh PhÃº,Sáº£n pháº©m sá»­ dá»¥ng tá»‘t,5,28
Ta Quoc Hung,Sáº£n pháº©m sá»­ dá»¥ng tá»‘t,5,28
200793 - Äá»— Viá»‡t HoÃ ng,Sáº£n pháº©m sá»­ dá»¥ng tá»‘t,5,28
CÃ´ Minh Hiáº¿u,Sáº£n pháº©m sá»­ dá»¥ng tá»‘t,5,28
Anh HÆ°ng,Sáº£n pháº©m sá»­ dá»¥ng tá»‘t,5,28
LÆ°,Sáº£n pháº©m sá»­ dá»¥ng tá»‘t,5,28
VÃµ Thá»‹ CÃºc,Sáº£n pháº©m sá»­ dá»¥ng tá»‘t,5,28
Chá»‹ Láº­p,Sáº£n pháº©m sá»­ dá»¥ng tá»‘t,5,28
Thanh,Sáº£n pháº©m sá»­ dá»¥ng á»•n Ä‘á»‹nh,5,28
Hiáº¿u,Sáº£n pháº©m sá»­ dá»¥ng tá»‘t,5,28
A Trung,Good,5,28
Anh ThÆ¡,Tá»‘t,4,28
Chá»‹ HÃ ,"KhÃ´ng sáº¥y khÃ´ bÃ¡t, nÃºt báº¥m kÃ©m, há»Ÿ Ä‘iá»‡n",2,28
Khoa,OK,4,28
Anh HoÃ ng,mua xong mÃ¡y bá»‹ há»ng gá»i báº£o hÃ nh cáº£ thÃ¡ng mÃ  cháº³ng chÆ°a cÃ³ phá»¥ tÃ¹ng Ä‘á»ƒ thay tháº¿! ChÃ¡n quÃ¡!,1,28
HÃ  Thá»‹ MÆ¡,Tá»‘t,5,28
Äinh Thá»‹ Thu HÃ ,Ráº¥t hÃ i lÃ²ng. Rá»­a sáº¡ch. Tháº­t Ä‘Ãºng Ä‘áº¯n khi mua mÃ¡y. Giáº£i phÃ³ng cho phá»¥ ná»¯.ğŸ¤£ğŸ¤£,5,28
Chá»‹ Tuyáº¿t,"mÃ¡y sá»­ dá»¥ng Ä‘Æ°á»£c, rá»­a sáº¡ch, ok",5,28
Nguyá»…n VÄƒn Minh,"hiá»‡n táº¡i sá»­ dá»¥ng tá»‘t, khÃ´ng tháº¥y váº¥n Ä‘á» gÃ¬",5,28
BÃ¹i VÄƒn Nam,"váº«n Ä‘ang sá»­ dá»¥ng bÃ¬nh thÆ°á»ng, á»•n Ä‘á»‹nh",5,28
Nguyá»…n VÄƒn Ba,"mÃ¡y sÃ i á»•n, tiáº¿t kiá»‡m thá»i gian",5,28
Nguyá»…n VÄƒn HÆ°á»Ÿng,Rá»­a khÃ´ng sáº¡ch,2,28
Giang,"váº«n Ä‘ang sá»­ dá»¥ng bÃ¬nh thÆ°á»ng, á»•n Ä‘á»‹nh",5,28
Pháº¡m Trung ÄÃ´ng,"váº«n sá»­ dá»¥ng tá»‘t, khÃ´ng cÃ³ váº¥n Ä‘á» gÃ¬",5,28
TÃ i,"váº«n sá»­ dá»¥ng tá»‘t, khÃ´ng cÃ³ váº¥n Ä‘á» gÃ¬",5,28
LÃª Thá»‹ LiÃªn,"mÃ¡y sá»­ dá»¥ng tá»‘t, ok",5,28
Nguyá»…n Thá»‹ Há»“ng VÃ¢n,Hiá»‡n táº¡i tá»§ sá»­ dá»¥ng Ä‘Æ°á»£c hÆ¡n 1 nÄƒm tháº¥y cÅ©ng tá»‘t ráº¥t hÃ i lÃ²ng,5,28
Nguyá»…n Thá»‹ Huyá»n Trang,"váº«n Ä‘ang sá»­ dá»¥ng bÃ¬nh thÆ°á»ng, á»•n Ä‘á»‹nh",5,28
HÃ ,"váº«n sá»­ dá»¥ng tá»‘t, khÃ´ng cÃ³ váº¥n Ä‘á» gÃ¬",5,28
NgÃ´ Thanh Háº£i,"váº«n sá»­ dá»¥ng tá»‘t, khÃ´ng cÃ³ váº¥n Ä‘á» gÃ¬",5,28
Nguyá»…n ÄÃ¬nh Há»c,TÃ´i tháº¥y khÃ´ng hÃ i lÃ²ng. MÃ¡y dÃ¹ng khÃ´ng Ä‘Æ°á»£c nhÆ° quáº£ng cÃ¡o.,3,28
TRáº¦N THá»Š CHÃ‚M,Tá»‘t,5,28
Anh Hiáº¿u,"MÃ¡y hoáº¡t Ä‘á»™ng tá»‘t, Ãªm, cÃ³ cháº¿ Ä‘á»™ tá»± má»Ÿ cá»­a khi rá»­a xong ráº¥t tiá»‡n!",5,28
LÃª BÃ¡ HoÃ i,"Hiá»‡n táº¡i cháº¡m vÃ o mÃ¡y lÃ  bá»‹ Ä‘iá»‡n giáº­t, nÃªn ko dÃ¡m sá»­ dá»¥ng",2,28
Khoa,"MÃ¡y rá»­a sáº¡ch vÃ  cháº¡y Ãªm. NhÆ°ng mÃ¡y mÃ¬nh mua khÃ´ng biáº¿t cÃ³ bá» lá»—i khÃ´ng, má»™t khi Ä‘Ã£ chá»n báº¯t Ä‘áº§u rá»­a thÃ¬ khÃ´ng cÃ¡ch nÃ o huá»· chÆ°Æ¡ng trÃ¬nh Ä‘Ã£ chá»n Ä‘á»ƒ chá»n láº¡i. Máº·c dÃ¹ Ä‘Ã£ thá»­ ráº¥t nhiá»u cÃ¡ch (nháº¥n 2 nÃºt program vÃ  options, rÃºt Ä‘iá»‡n,..). Mong Äiá»‡n MÃ¡y Xanh há»— trá»£ mÃ¬nh áº¡!!",3,28
BÃ¹i VÄƒn Nam,"Sáº£n pháº©m tá»‘t, thiáº¿t káº¿ thÃ¬ Ä‘áº¹p, báº£ng Ä‘iá»u khiá»ƒn dá»… sá»­ dá»¥ng, mÃ¡y hoáº¡t Ä‘á»™ng tá»›i giá» thÃ¬ chÆ°a cÃ³ váº¥n Ä‘á» gÃ¬, chÃ©n bÃ¡t sau khi rá»­a thÃ¬ khÃ¡ sáº¡ch.",5,28
Chá»‹ SÆ°Æ¡ng,"Cáº£m nháº­n vá» sáº£n pháº©m khi má»Ÿ cá»­a ra thÃ¬ hÆ¡i báº¥t tiá»‡n pháº£i kÃ©o ra, dÃ¹ng khÃ´ng cÃ³ gÃ¬ Ä‘áº·c biá»‡t, thiáº¿t káº¿ sáº£n pháº©m tÆ°Æ¡ng Ä‘á»‘i Ä‘áº¹p, báº£ng Ä‘iá»u khiá»ƒn dá»… sá»­ dá»¥ng, mÃ¡y hoáº¡t Ä‘á»™ng Ãªm, sau khi rá»­a xong thÃ¬ chÃ©n bÃ¡t cÅ©ng sáº¡ch",4,28
Nguyá»…n VÄƒn Minh,"Sáº£n pháº©m sá»­ dá»¥ng tá»‘t, báº£ng Ä‘iá»u khiá»ƒn dá»… sá»­ dá»¥ng, mÃ¡y cháº¡y Ãªm, sau khi rá»­a sáº¡ch. Sáº£n pháº©m ok",5,28
HÃ o,MÃ¡y dÃ¹ng á»•n,4,29
LÃª Minh Khoa,ChÆ°a Ä‘Æ°á»£c 3 thÃ¡ng hÆ° rá»“i. Cáº§n há»— trá»£ sá»­a chá»¯a,2,29
Tráº§n Táº¥n Báº¡c,"Do diá»‡n tÃ­ch nhá» nÃªn quyáº¿t Ä‘á»‹nh nghiÃªn cá»©u em nÃ y mÃ  tháº¥y cmt toÃ n chÃª nÃªn hÆ¡i rÃ©n nhÆ°ng váº«n quyáº¿t Ä‘á»‹nh mua vÃ  tráº£i nghiá»‡m thÃ¬ tháº¥y giÃ¡ nÃ y quÃ¡ ok rsá»­a sáº¡ch, Ãªm nhÆ°ng chá»©c nÄƒng sáº¥y khÃ´ Ä‘Ã¢u Ä‘Ã³ dc khoáº£ng 85% thui nhÆ°ng so vá»›i giÃ¡ nÃ y thÃ¬ khÃ´ng Ä‘Ã²i há»i Ä‘Æ°á»£c nhiá»uphá»¥c vá»¥, láº¯p Ä‘áº·t nhanh chÃ³ng, táº­n tÃ¬nh",4,29
Háº£i,"Sáº£n pháº©m mua má»›i Ä‘Æ°á»£c vÃ i thÃ¡ng thÃ¬ báº£o hÃ nh 4,5 láº§n, ráº¥t khÃ³ chá»‹u, ÄMX xuá»‘ng báº£o 1 lá»—i, hÃ£ng xuá»‘ng báº£o 1 lá»—i, xá»­ lÃ½ hÃ´m trÆ°á»›c hÃ´m sau láº¡i há»ng. Rá»­a thÃ¬ báº©n. Äá» nghá»‹ ÄMX xá»­ lÃ½ dá»©t Ä‘iá»ƒm",1,29
Äá»©c Huy,"MÃ¡y rá»­a báº©n, ko sáº¡ch, thá»i gian rá»­a quÃ¡ lÃ¢u, mÃ¡y ráº¥t tá»‡",1,29
Pháº¡m Thá»‹ Nhá»‹,Tá»‡,1,29
Chá»‹ PhÆ°Æ¡ng,MÃ¬nh tÃªn PhÆ°Æ¡ng k pháº£i HÆ°Æ¡ng ğŸ˜‚ Sp bÃªn shop ok nhÃ© ğŸ‘ŒğŸ‘ŒğŸ‘Œ,4,29
Tráº§n LÃª TÃ i,Sp ráº¥t tá»‘t,5,29
Anh CÆ°á»ng,"Rá»­a Sáº¡ch á»”n,Ãªm Ã¡i ! CÃ´ng nghá»‡ á»•n trong táº§m giÃ¡ ! Ä‘ang test má»©c Ä‘á»™ tiÃªu hao Ä‘iá»‡n vÃ  Ä‘á»™ bá»n",5,29
LÃª Tiáº¿n ThÃ nh,mua Ä‘Æ°á»£c hÆ¡n thÃ¡ng thÃ¬ há»ng lÃªn há»ng xuá»‘ng. DMX thÃ¬ vÃ´ trÃ¡ch nhiá»‡m,1,29
Äá»— Du,,4,29
Tuá»‡,,5,29
Nguyá»…n Äá»— Ninh Giang,mÃ¡y tá»‘t nhÃ©,5,30
Giang Lá»‡ Cáº©m,,5,32
Huyá»n Thu,,4,32
Lam,,5,32
Chá»‹ Yáº¿n,,5,32
Äáº·ng PhÆ°Æ¡ng Thoáº¡i,Ko nÃªn mua... mÃ¬nh mua 2 ngÃ y dÃ¹ng ko tá»‘t.. rá»­a sáº¥y ko khÃ´. Gá»i tá»•ng Ä‘Ã i hÃ£ng thÃ¬ ko há»• trá»£ khÃ¡ch hÃ ng.. nÃ³i chung lÃ  ko tá»‘t cáº£ cháº¥t lÆ°á»£ng mÃ¡y láº«n dá»‹ch vá»¥ bÃ¡n hÃ ng.. ko nÃªn tá»‘n tiá»n chuá»‘c thÃªm bá»±c bá»™i,1,33
NGUYá»„N HOÃ€NG Háº¢I,"MÃ¡y khÃ´ng cÃ³ tÃ­nh nÄƒng auto open door nÃªn Ä‘á»“ bÃªn trong khÃ´ng Ä‘Æ°á»£c sáº¥y khÃ´ hoÃ n toÃ n. Tuy nhiÃªn xem review youtube thÃ¬ cÃ³ nÃªn mÃ¬nh cá»© Ä‘inh ninh rá»“i mua luÃ´n á»Ÿ ÄMX. SÃ¡ch HDSD cÅ©ng cÃ³ ráº¥t nhiá»u tÃ­nh nÄƒng bá»‹ ghi lÃ  tÃ¹y model trong khi Beko chá»‰ cÃ³ máº¥y máº«u mÃ¡y rá»­a bÃ¡t thÃ´i vÃ  lÃºc Ä‘Ã³ máº«u nÃ y gáº§n nhÆ° cao cáº¥p nháº¥t, cÃ³ váº» nsx Ä‘Ã£ cáº¯t giáº£m ráº¥t nhiá»u tÃ­nh nÄƒng khi bÃ¡n ra thá»‹ trÆ°á»ng. Thá»© hai vÃ²i phun kiá»ƒu má»›i Ä‘Æ°á»£c quáº£ng cÃ¡o lÃ  tÄƒng kháº£ nÄƒng rá»­a tuy nhiÃªn láº¡i khÃ´ng phá»§ Ä‘á»u khoang rá»­a. Do Ä‘Ã³ Ä‘Ã´i khi má»™t sá»‘ chá»— bÃ¡t Ä‘Ä©a khÃ´ng Ä‘Æ°á»£c rá»­a sáº¡ch hoÃ n toÃ n. Trong khi Ä‘Ã³ khoang 2 váº«n dÃ¹ng kiá»ƒu xoay trÃ²n bÃ¬nh thÆ°á»ng láº¡i sáº¡ch hÆ¡n. TÃºm láº¡i thÃ¬ xÃ i cÅ©ng ok, nÃ³i chung cay vá»¥ auto open door náº¿u biáº¿t khÃ´ng cÃ³ sáº½ khÃ´ng mua Ä‘Ã¢u. ğŸ™„",3,33
Äáº·ng Ngá»c Tháº¯m,rá»­a ly cá»§ thÃ nh má»›i mÃ  ly bÃ¬nh thÆ°á»ng bá»‹ á»‘ vÃ  á»‘ vÃ  xáº¥u rá»­a khÃ´ng sÃ¡ng bÃ³ng ná»¯a,2,33
Nguyá»…n Máº¡nh CÆ°á»ng,,1,33
Chá»‹ ChÃ¢u,,3,33
Duc,"Sáº£n pháº©m rá»­a khÃ¡ tá»‘t. Sáº¡ch, Ãªm, tá»± Ä‘á»™ng hÃ© cá»­a khi rá»­a xong.NhÆ°ng cÃ³ 2 váº¥n Ä‘á» 1. Thá»£ láº¯p Ä‘áº·t khÃ´ng biáº¿t Ä‘o vÃ  Ä‘iá»u chá»‰nh cháº¿ Ä‘á»™ mÃ¡y theo Ä‘á»™ cá»©ng nÆ°á»›c 2. MÃ¡y khÃ´ng cÃ³ bÃ¡o thá»i gian nÃªn khÃ´ng biáº¿t rá»­a bao lÃ¢u. Rá»­a xong khÃ´ng tá»± táº¯t mÃ n hÃ¬nh.",4,34
LÃª VÄƒn HuyÃªn,Ráº¥t tá»“i tá»‡ Ä‘á» nghá»‹ cÃ¡c Ä‘á»“ng chÃ­ Ä‘áº¿n báº£o hÃ nh,1,34
Tháº¯ng,"MÃ¡y rá»­a chÃ©n sá»­ dá»¥ng ráº¥t tá»‘t , ráº¥t tiá»‡n lá»£i",5,34
Trung,DÃ¹ng tá»‘t rá»™ng cÃ³ tá»± má»Ÿ cá»­a sau khi rá»­a xong,5,34
Phan Táº¥n Duy,"Æ¯u Ä‘iá»ƒm: MÃ¡y hoáº¡t Ä‘á»™ng Ãªm, khÃ´ng á»“n, rá»­a sáº¡ch, cÃ³ cháº¿ Ä‘á»™ sáº¥y khÃ´ ráº¥t tá»‘t (MÃ  web DMX láº¡i khÃ´ng cáº­p nháº­t cÃ¡i nÃ y), thao tÃ¡c dá»… sá»­ dá»¥ng chá»‰ cáº§n váº·n nÃºm xoay chá»n cháº¿ Ä‘á»™ + báº¥m vÃ o nÃºt lÃ  xong. NhÆ°á»£c Ä‘iá»ƒm: KhÃ´ng cÃ³ mÃ n hÃ¬nh hiá»ƒn thá»‹ rá»­a bao lÃ¢u lÃ  xong nÃªn khÃ´ng biáº¿t khi nÃ o rá»­a xong Ä‘á»ƒ cáº¥t chÃ©n dÄ©a. KhÃ´ng cÃ³ nÃºt khÃ³ tráº» em nÃªn nhÃ  cÃ³ con nhá» pháº£i chÃº Ã½ chá»© máº¥y nhá» báº¥m mÃ¡y cháº¡y mÃ  mÃ¬nh k biÃªt",5,34
NgÃ´ Quang Há»£p,,5,34
NgÃ´ HÆ°ng,"Thá»£ láº¯p Ä‘áº·t ko hiá»ƒu vá» sáº£n pháº©m, láº¯p Ä‘áº·t ko Ä‘áº¡t yÃªu cáº§u.",2,35
Tráº§n Ngá»c Quang,"MÃ¡y rá»­a lÃ¢u, ko bÃ¡o khi rá»­a xong. Rá»­a xong má»i thá»© váº«n Æ°á»›t, trong khi quy trÃ¬nh cÃ³ sáº¥y khÃ´. Ko tá»± hÃ© cá»­a. Máº·c dÃ¹ giÃ¡ tá»‘t nhÆ°ng khÃ´ng nÃªn mua",3,37
Anh Hiá»‡u,"Mua mÃ¡y vá» lá»—i ko dÃ¹ng Ä‘Æ°á»£c, mÃ©o hiá»ƒu Ä‘á»™i kÄ© thuáº­t cá»§a hÃ£ng vá»›i cá»§a Ä‘iá»‡n mÃ¡y xanh cÃ³ trÃ¬nh Ä‘á»™ kiá»ƒm tra mÃ¡y ko lá»—i xong háº¿t cá»­a hÃ ng xuá»‘ng xÃ¡c nháº­n Ä‘áº¿n hÃ£ng xuá»‘ng xÃ¡c nháº­n, xong Ä‘á»ƒ Ä‘áº¥y cáº£ tuáº§n, liÃªn há»‡ váº«n báº£o Ä‘ang cáº­p nháº­t.quÃ¡ á»©c cháº¿, chÃ­nh sÃ¡ch chÄƒm sÃ³c vÃ  báº£o hÃ nh quÃ¡ tá»‡",1,37
Chá»‹ Há»“ Thá»‹ VÃ¢n,Cáº£m Æ¡n quÃ½ cÃ´ng ty nhiá»u,5,37
VÃµ VÄƒn ÄÃ n,MÃ¡y hoáº¡t Ä‘á»™ng tá»‘t nhÆ°ng ká»¹ thuáº­t chÆ°a hÆ°á»›ng dáº«n láº¯p tiáº¿p Ä‘á»‹a nÃªn khi sá»­ dá»¥ng bá»‹ Ä‘iá»‡n lÃ m giáº­t ngÆ°á»i sá»­ dá»¥ng,4,37
TÃ¹ng,"MÃ¡y hoáº¡t Ä‘á»™ng Ãªm, rá»­a sáº¡ch. LÆ°u Ã½ lÃ  mÃ¡y khÃ´ng thá»ƒ hiá»‡n khi nÃ o rá»­a xong trÃªn báº£ng Ä‘iá»‡n tá»­, chá»‰ coi Ä‘Æ°á»£c trÃªn app, Ä‘iá»ƒm nÃ y cÃ³ thá»ƒ báº¥t tiá»‡n vá»›i nhiá»u ngÆ°á»i. CÃ³ káº¿t ná»‘i app cÅ©ng tiá»‡n, chá»‰ cÃ³ Ä‘iá»u má»—i láº§n má»Ÿ lÃªn káº¿t ná»‘i khÃ¡ lÃ¢u. MÃ¡y rá»­a xong pháº£i má»Ÿ cá»­a ra thÃ¬ má»›i rÃ¡o nÆ°á»›c Ä‘Æ°á»£c, ai cÃ³ ngÃ¢n sÃ¡ch nÃªn mua dÃ²ng tá»± hÃ© cá»­a hoáº·c lÃ m khÃ´ mÃ¡y mÃ  khÃ´ng cáº§n má»Ÿ cá»­a. NhÃ¢n viÃªn láº¯p Ä‘áº·t tá»± Ä‘em chÃ¢n Ä‘áº¿ theo kinh doanh vÃ  bÃ¡n vá»›i giÃ¡ gáº§n 900k, trong khi lÃªn DMX mua thÃ¬ giÃ¡ chá»‰ táº§m 350-400k. DMX nÃªn tÆ° váº¥n mua chÃ¢n Ä‘áº¿ cho khÃ¡ch khi mua hÃ ng luÃ´n Ä‘á»ƒ giao vÃ  láº¯p 1 láº§n thÃ´i, trÃ¡nh trÆ°á»ng há»£p KH quÃªn rá»“i pháº£i mua cá»§a nhÃ¢n viÃªn láº¯p Ä‘áº·t giÃ¡ trÃªn trá»i hoáº·c pháº£i mua 2 láº§n.",4,37
TRáº¦N THá»Š THU TRANG,"Nháº­n mÃ¡y thÃ¬ cháº­m, sáº£n pháº©m thÃ¬ k náº¯m dc thÃ´ng tin khÃ¡ch hÃ ng cáº§n, lá»—i sáº£n pháº©m thÃ¬ k chá»‹u liÃªn há»‡ Ä‘á»ƒ Ä‘á»•i. QuÃ¡ tá»‡!!!",1,37
NgÃ´ Äá»©c Vá»‹nh,,4,37
Kim Loan,,5,37
QuÃ¢n,MÃ¡y mua vá» dÃ¹ng Ä‘Æ°á»£c 2 ngÃ y Ä‘Ã£ lá»—i bÃ¡o báº£o hÃ nh Ä‘á»•i mÃ¡y má»›i tá»« 22/4 Ä‘áº¿n hÃ´m nay 9/5 váº«n chÆ°a giáº£i quyáº¿t xong,2,38
